registro_id,uf,sindicato,categoria,ano,campo,valor_atual,status_atual,origem,fonte,fonte_textual,data_extracao,observacao,opcoes_identificadas,prioridade_revisao,acao_sugerida,decisao_sugerida,decisao_final,valor_revisado,observacao_revisor,revisor,data_revisao
REG-AC-SEAC-2025,AC,SEAC AC,Serviços Contábeis,2025,piso_salarial,1540.47,extraido_para_revisao,pdf_cct,PDF da CCT,"CLÁUSULA TERCEIRA - PISO SALARIAL As empresas abrangidas pela Convenção Coletiva não poderão utilizar salário inferior ao piso mínimo estabelecido nesta Cláusula, que é de R$ 1.540,47 (um mil, quinhentos e quarenta reais e quarenta e sete centavos), compreendendo a mão de obra discriminada no Anexo I, parte integrante desta referida norma trabalhista. Parágrafo Único – Os salários não poderão ser reduzidos independentemente da carga horária fixada em conformidade ao Anexo I desta Convenção. Reajustes/Correções Salariais",2026-06-15,,,média,validar,validar,validar,1540.47,,,
REG-AC-SEAC-2025,AC,SEAC AC,Serviços Contábeis,2025,adicional_noturno,,pendente_revisao,nao_identificado_pdf,,,2026-06-15,"Cláusula localizada, mas valor/percentual não pôde ser identificado automaticamente",,alta,buscar_fonte,buscar_fonte,buscar_fonte,,,,
REG-AC-SEAC-2025,AC,SEAC AC,Serviços Contábeis,2025,auxilio_alimentacao,330.0,extraido_para_revisao,pdf_cct,PDF da CCT,"CLÁUSULA DÉCIMA - AUXÍLIO ALIMENTAÇÃO Todo trabalhador terá direito ao Auxilio Alimentação fornecido pelas empresas, no valor mínimo mensal de R$ 330,00 (trezentos e trinta reais), valores retroativos ao mês de janeiro de 2025, independentemente de escala, horário de trabalho ou função, através do cartão alimentação, sendo descontados os dias não trabalhados em decorrências de (faltas, licenças médicas, férias, afastamento previdenciário, licenças paternidade/maternidade), descontos esses de forma proporcional, observando sempre a divisão por 30 (trinta) dias ao mês. Parágrafo Primeiro - As em…",2026-06-15,,,média,validar,validar,validar,330.0,,,
REG-AC-SEAC-2025,AC,SEAC AC,Serviços Contábeis,2025,plr,,pendente_revisao,nao_identificado_pdf,,,2026-06-15,Cláusula de PLR não localizada no PDF,,baixa,buscar_fonte,buscar_fonte,buscar_fonte,,,,
REG-AC-SEAC-2025,AC,SEAC AC,Serviços Contábeis,2025,hora_extra,,pendente_revisao,nao_identificado_pdf,,,2026-06-15,Cláusula de hora extra não localizada no PDF,,alta,buscar_fonte,buscar_fonte,buscar_fonte,,,,
REG-AC-SEAC-2025,AC,SEAC AC,Serviços Contábeis,2025,sobreaviso,,pendente_revisao,nao_identificado_pdf,,,2026-06-15,Cláusula de sobreaviso não localizada no PDF,,baixa,buscar_fonte,buscar_fonte,buscar_fonte,,,,
REG-AC-SEAC-2025,AC,SEAC AC,Serviços Contábeis,2025,jornada,44.0,extraido_para_revisao,pdf_cct,PDF da CCT,"CLÁUSULA VIGÉSIMA SEGUNDA - JORNADA DE TRABALHO A jornada de trabalho será de no máximo 44 (quarenta e quatro) horas semanais, podendo ter acréscimo de 02 (duas) horas extras diárias ou até 04 (quatro) horas, caso ocorram necessidades imperiosas, por motivo de força maior, para atender a realização de conclusão de serviços inadiáveis ou cuja inexecução possa acarretar prejuízo manifesto, desde que devidamente justificadas. Parágrafo Primeiro – Além da jornada de trabalho prevista no caput da cláusula, poderão ser utilizadas pelas empresas as seguintes modalidades de jornada de trabalho: a) Hor…",2026-06-15,"Múltiplas jornadas identificadas: 44.0, 30.0, 26.0h/sem; Horas diárias não calculadas: regime 12×36 não permite cálculo direto","[""44h/semana"", ""30h/semana"", ""26h/semana""]",média,validar,validar,validar,44.0,,,
REG-AL-SINTEEL-2023,AL,Sinteel AL,Energia e Telecomunicações,2023,piso_salarial,,pendente_revisao,nao_identificado_pdf,,,2026-06-15,"Cláusula localizada, mas valor/percentual não pôde ser identificado automaticamente",,alta,buscar_fonte,buscar_fonte,buscar_fonte,,,,
REG-AL-SINTEEL-2023,AL,Sinteel AL,Energia e Telecomunicações,2023,adicional_noturno,,conflito,pdf_cct,PDF da CCT,"CLÁUSULA DÉCIMA PRIMEIRA - HORA NOTURNA O trabalho noturno será remunerado com acréscimo de 20% (vinte por cento), entendendo-se como tal o trabalho realizado das 22:00 horas de um dia até as 5:00 horas do dia seguinte, computando-se, para tanto, a hora de trabalho a cada 52:30 minutos, nos termos do artigo 73 da CLT. Parágrafo Único: No caso de não haver redução de jornada, o empregado receberá as horas trabalhadas em horas noturnas com o adicional de 37,14% (trinta e sete vírgula quatorze por cento), já inserida neste adicional a remuneração extraordinária decorrente da não redução da jornad…",2026-06-15,"Múltiplos valores identificados: 37.14, 20.0",,alta,revisar_conflito,marcar_conflito,marcar_conflito,,,,
REG-AL-SINTEEL-2023,AL,Sinteel AL,Energia e Telecomunicações,2023,auxilio_alimentacao,10.5,conflito,pdf_cct,PDF da CCT,"CLÁUSULA DÉCIMA TERCEIRA - AUXÍLIO LANCHE / VALE REFEIÇÃO / CESTA BÁSICA VIGÊNCIA DA CLÁUSULA: 01/01/2023 a 31/12/2023 AS EMPRESAS fornecerão aos TRABALHADORES que estiverem no exercício de suas atividades regulares, a partir de 01/05/2023 e para os dias efetivamente trabalhados, vale-refeição ou alimentação por mês, nos seguintes valores faciais, conforme abaixo: Parágrafo Primeiro: O valor facial do vale refeição dos TRABALHADORES contratados com jornada de 200/220 horas mensais fica estabelecido em R$10,50 (dez reais e cinquenta centavos) a partir de 01/05/2023, por dia efetivamente trabalh…",2026-06-15,"Múltiplos valores identificados: 10.5, 5.33",,alta,revisar_conflito,marcar_conflito,marcar_conflito,10.5,,,
REG-AL-SINTEEL-2023,AL,Sinteel AL,Energia e Telecomunicações,2023,plr,,extraido_para_revisao,pdf_cct,PDF da CCT,CLÁUSULA DÉCIMA SEGUNDA - PROGRAMA DE PARTICIPAÇÃO NOS LUCROS OU RESULTADOS VIGÊNCIA DA CLÁUSULA: 01/01/2023 a 31/12/2023 As EMPRESAS iniciarão a negociação do PPR/PLR/2023 com o SINTTEL-AL em até de 60 (sessenta) dias após a assinatura da presente Convenção Coletiva de Trabalho. AUXÍLIO ALIMENTAÇÃO,2026-06-15,Cláusula de PLR encontrada; valor/regra específica requer revisão,,média,validar,validar,validar,,,,
REG-AL-SINTEEL-2023,AL,Sinteel AL,Energia e Telecomunicações,2023,hora_extra,,extraido_para_revisao,pdf_cct,PDF da CCT,"CLÁUSULA DÉCIMA - HORAS EXTRAORDINÁRIAS As horas extraordinárias trabalhadas de segunda a sábado, serão remuneradas com o adicional de 50% (cinquenta por cento) sobre o valor da hora normal. www3.mte.gov.br/sistemas/mediador/Resumo/ResumoVisualizar?NrSolicitacao=MR036147/2023 3/25 06/06/2024, 15:12 Mediador - Extrato Convenção Coletiva Parágrafo Primeiro: Na hipótese de ocorrer trabalho em dia de repouso, feriados ou domingos, a remuneração será acrescida com o adicional de 100% (cem por cento). Parágrafo Segundo: As horas extras habituais serão integradas para fins de cálculo de férias, 13º s…",2026-06-15,"Percentuais diferentes para dias úteis, sábados, domingos e feriados",,média,validar,validar,validar,,,,
REG-AL-SINTEEL-2023,AL,Sinteel AL,Energia e Telecomunicações,2023,sobreaviso,,pendente_revisao,nao_identificado_pdf,,,2026-06-15,Cláusula de sobreaviso não localizada no PDF,,baixa,buscar_fonte,buscar_fonte,buscar_fonte,,,,
REG-AL-SINTEEL-2023,AL,Sinteel AL,Energia e Telecomunicações,2023,jornada,36.0,extraido_para_revisao,pdf_cct,PDF da CCT,"CLÁUSULA QUADRAGÉSIMA SEGUNDA - JORNADA DE TRABALHO A duração da jornada de trabalho dos trabalhadores operadores em Teleatendimento, em regime de escala de revezamento, cuja implementação a critério da empresa fica autorizada, será de 36 (trinta e seis) horas semanais, sendo de seis horas diárias, cumprindo integralmente as determinações contidas no anexo II da NR17. Parágrafo Primeiro: Os trabalhadores operadores terão uma folga semanal, sendo essa folga, pelo menos uma vez por mês, concedida aos domingos. Parágrafo Segundo: As partes dão-se por cientes de que está autorizado o trabalho aos …",2026-06-15,Horas diárias não calculadas: regime não identificável,"[""36h/semana""]",média,validar,validar,validar,36.0,,,
REG-AM-SINDPD-2025,AM,Sindpd AM,Tecnologia da Informação,2025,piso_salarial,1479.21,extraido_para_revisao,pdf_cct,PDF da CCT,"CLÁUSULA TERCEIRA - PISO SALARIAL A partir de 01/05/2024 nenhum trabalhador poderá ser admitido, ou continuar trabalhando com salário inferior às faixas abaixo: a) Aplicável exclusivamente Técnico de atendimento, Auxiliar de Processamento o valor deR$1.479,21 (Um mil, quatrocentos e setenta e nove reais e vinte e um centavos); b). Aplicável exclusivamente ao Técnico de Suporte o valor correspondente a R$ 1.487,48(Um mil, quatrocentos e oitenta e sete reais e quarenta e oito centavos);c). Aplicável exclusivamente ao Analista de Suporte o valor correspondente a R$ 2.434,07 (Dois mil, quatrocento…",2026-06-15,,,média,validar,validar,validar,1479.21,,,
REG-AM-SINDPD-2025,AM,Sindpd AM,Tecnologia da Informação,2025,adicional_noturno,,pendente_revisao,nao_identificado_pdf,,,2026-06-15,Cláusula de adicional noturno não localizada no PDF,,alta,buscar_fonte,buscar_fonte,buscar_fonte,,,,
REG-AM-SINDPD-2025,AM,Sindpd AM,Tecnologia da Informação,2025,auxilio_alimentacao,27.0,extraido_para_revisao,pdf_cct,PDF da CCT,"CLÁUSULA SÉTIMA - AUXÍLIO ALIMENTAÇÃO O empregador pagará a partir de 01/01/2025, aos seus empregados, até o 1º (primeiro) dia útil de cada mês, a título de auxílio alimentação o valor facial de R$ 27,00 (vinte e sete reais) por dia útil trabalhado atendendo os requisitos do Programa de Alimentação do Trabalhador - PAT e do Ministério do Trabalho. § PRIMEIRO: O benefício que trata a presente Cláusula não integra a remuneração para nenhum efeito legal, sendo permitido o desconto mensal máximo de 5% (cinco por cento) sobre o valor total dos vales fornecidos, nos termos da legislação do PAT (Prog…",2026-06-15,,,média,validar,validar,validar,27.0,,,
REG-AM-SINDPD-2025,AM,Sindpd AM,Tecnologia da Informação,2025,plr,,pendente_revisao,nao_identificado_pdf,,,2026-06-15,Cláusula de PLR não localizada no PDF,,baixa,buscar_fonte,buscar_fonte,buscar_fonte,,,,
REG-AM-SINDPD-2025,AM,Sindpd AM,Tecnologia da Informação,2025,hora_extra,,extraido_para_revisao,pdf_cct,PDF da CCT,"CLÁUSULA SEXTA - HORA EXTRA As horas extras serão remuneradas com acréscimo de 50% (cinquenta por cento, de segunda a sexta e 70% (setenta por cento) aos sábados. § PRIMEIRO: As horas extras nos domingos e feriados serão remuneradas com acréscimo de 100% (cem por cento). § SEGUNDO: Somente as horas extras autorizadas pelo superior imediato serão consideradas, caso contrário, tornar- se-á sem efeito para registro e/ou lançamento no Banco de Horas do empregado. AUXÍLIO ALIMENTAÇÃO",2026-06-15,"Percentuais diferentes para dias úteis, sábados, domingos e feriados",,média,validar,validar,validar,,,,
REG-AM-SINDPD-2025,AM,Sindpd AM,Tecnologia da Informação,2025,sobreaviso,,extraido_para_revisao,pdf_cct,PDF da CCT,"CLÁUSULA DÉCIMA SEXTA - ADICIONAL DE SOBREAVISO O empregado designado, formalmente para escala de sobreaviso, será remunerado à razão de 1/3 do salário normal. § UNICO: A partir do momento em que o empregado for convocado para atender a empresa, o sobreaviso cessará, passando a fazer jus tão somente às horas extraordinárias efetivamente trabalhadas. OUTRAS DISPOSIÇÕES SOBRE JORNADA",2026-06-15,,,média,validar,validar,validar,,,,
REG-AM-SINDPD-2025,AM,Sindpd AM,Tecnologia da Informação,2025,jornada,,extraido_para_revisao,pdf_cct,PDF da CCT,"CLÁUSULA DÉCIMA TERCEIRA - FLEXIBILIZAÇÃO E COMPENSAÇÃO DA JORNADA DE TRABALHO (BANCO DE HORAS) Fica acordado flexibilização de jornada (Banco de Horas), em conformidade com as disposições dos artigos 7º, inciso XIII da Constituição Federal, e artigo 59 da CLT, já com alteração prevista na Lei 9.601/98, permitindo-se o horário flexível compreendido entre 7 horas e 19 horas, obedecendo aos critérios nos itens a seguir: A. Para o funcionamento desse Banco de Horas será considerada como horas de crédito a quantidade de horas que o EMPREGADO trabalhou mais do que sua jornada normal de trabalho e n…",2026-06-15,Cláusula de jornada encontrada; carga horária requer revisão,,média,validar,validar,validar,,,,
REG-AP-SINDPD-2025,AP,Sindpd AP,Tecnologia da Informação,2025,piso_salarial,,pendente_revisao,nao_identificado_pdf,,,2026-06-15,Extração de PDF falhou: pdf_sem_texto. Extração de PDF falhou: erro_pdftotext. Extração de PDF falhou: pdf_sem_texto. Extração de PDF falhou: pdf_sem_texto. Extração de PDF falhou: pdf_sem_texto,,alta,buscar_fonte,buscar_fonte,buscar_fonte,,,,
REG-AP-SINDPD-2025,AP,Sindpd AP,Tecnologia da Informação,2025,adicional_noturno,,pendente_revisao,nao_identificado_pdf,,,2026-06-15,Extração de PDF falhou: pdf_sem_texto. Extração de PDF falhou: erro_pdftotext. Extração de PDF falhou: pdf_sem_texto. Extração de PDF falhou: pdf_sem_texto. Extração de PDF falhou: pdf_sem_texto,,alta,buscar_fonte,buscar_fonte,buscar_fonte,,,,
REG-AP-SINDPD-2025,AP,Sindpd AP,Tecnologia da Informação,2025,auxilio_alimentacao,,pendente_revisao,nao_identificado_pdf,,,2026-06-15,Extração de PDF falhou: pdf_sem_texto. Extração de PDF falhou: erro_pdftotext. Extração de PDF falhou: pdf_sem_texto. Extração de PDF falhou: pdf_sem_texto. Extração de PDF falhou: pdf_sem_texto,,baixa,buscar_fonte,buscar_fonte,buscar_fonte,,,,
REG-AP-SINDPD-2025,AP,Sindpd AP,Tecnologia da Informação,2025,plr,,pendente_revisao,nao_identificado_pdf,,,2026-06-15,Extração de PDF falhou: pdf_sem_texto. Extração de PDF falhou: erro_pdftotext. Extração de PDF falhou: pdf_sem_texto. Extração de PDF falhou: pdf_sem_texto. Extração de PDF falhou: pdf_sem_texto,,baixa,buscar_fonte,buscar_fonte,buscar_fonte,,,,
REG-AP-SINDPD-2025,AP,Sindpd AP,Tecnologia da Informação,2025,hora_extra,,pendente_revisao,nao_identificado_pdf,,,2026-06-15,Extração de PDF falhou: pdf_sem_texto. Extração de PDF falhou: erro_pdftotext. Extração de PDF falhou: pdf_sem_texto. Extração de PDF falhou: pdf_sem_texto. Extração de PDF falhou: pdf_sem_texto,,alta,buscar_fonte,buscar_fonte,buscar_fonte,,,,
REG-AP-SINDPD-2025,AP,Sindpd AP,Tecnologia da Informação,2025,sobreaviso,,pendente_revisao,nao_identificado_pdf,,,2026-06-15,Extração de PDF falhou: pdf_sem_texto. Extração de PDF falhou: erro_pdftotext. Extração de PDF falhou: pdf_sem_texto. Extração de PDF falhou: pdf_sem_texto. Extração de PDF falhou: pdf_sem_texto,,baixa,buscar_fonte,buscar_fonte,buscar_fonte,,,,
REG-AP-SINDPD-2025,AP,Sindpd AP,Tecnologia da Informação,2025,jornada,,pendente_revisao,nao_identificado_pdf,,,2026-06-15,Extração de PDF falhou: pdf_sem_texto. Extração de PDF falhou: erro_pdftotext. Extração de PDF falhou: pdf_sem_texto. Extração de PDF falhou: pdf_sem_texto. Extração de PDF falhou: pdf_sem_texto,,alta,buscar_fonte,buscar_fonte,buscar_fonte,,,,
REG-BA-SINDPEC-2025,BA,SINDPEC BA,Processamento Eletrônico de Dados,2025,piso_salarial,,pendente_revisao,nao_identificado_pdf,,,2026-06-15,Extração de PDF falhou: pdf_sem_texto. Extração de PDF falhou: erro_pdftotext. Extração de PDF falhou: pdf_sem_texto. Extração de PDF falhou: pdf_sem_texto. Extração de PDF falhou: pdf_sem_texto,,alta,buscar_fonte,buscar_fonte,buscar_fonte,,,,
REG-BA-SINDPEC-2025,BA,SINDPEC BA,Processamento Eletrônico de Dados,2025,adicional_noturno,,pendente_revisao,nao_identificado_pdf,,,2026-06-15,Extração de PDF falhou: pdf_sem_texto. Extração de PDF falhou: erro_pdftotext. Extração de PDF falhou: pdf_sem_texto. Extração de PDF falhou: pdf_sem_texto. Extração de PDF falhou: pdf_sem_texto,,alta,buscar_fonte,buscar_fonte,buscar_fonte,,,,
REG-BA-SINDPEC-2025,BA,SINDPEC BA,Processamento Eletrônico de Dados,2025,auxilio_alimentacao,,pendente_revisao,nao_identificado_pdf,,,2026-06-15,Extração de PDF falhou: pdf_sem_texto. Extração de PDF falhou: erro_pdftotext. Extração de PDF falhou: pdf_sem_texto. Extração de PDF falhou: pdf_sem_texto. Extração de PDF falhou: pdf_sem_texto,,baixa,buscar_fonte,buscar_fonte,buscar_fonte,,,,
REG-BA-SINDPEC-2025,BA,SINDPEC BA,Processamento Eletrônico de Dados,2025,plr,,pendente_revisao,nao_identificado_pdf,,,2026-06-15,Extração de PDF falhou: pdf_sem_texto. Extração de PDF falhou: erro_pdftotext. Extração de PDF falhou: pdf_sem_texto. Extração de PDF falhou: pdf_sem_texto. Extração de PDF falhou: pdf_sem_texto,,baixa,buscar_fonte,buscar_fonte,buscar_fonte,,,,
REG-BA-SINDPEC-2025,BA,SINDPEC BA,Processamento Eletrônico de Dados,2025,hora_extra,,pendente_revisao,nao_identificado_pdf,,,2026-06-15,Extração de PDF falhou: pdf_sem_texto. Extração de PDF falhou: erro_pdftotext. Extração de PDF falhou: pdf_sem_texto. Extração de PDF falhou: pdf_sem_texto. Extração de PDF falhou: pdf_sem_texto,,alta,buscar_fonte,buscar_fonte,buscar_fonte,,,,
REG-BA-SINDPEC-2025,BA,SINDPEC BA,Processamento Eletrônico de Dados,2025,sobreaviso,,pendente_revisao,nao_identificado_pdf,,,2026-06-15,Extração de PDF falhou: pdf_sem_texto. Extração de PDF falhou: erro_pdftotext. Extração de PDF falhou: pdf_sem_texto. Extração de PDF falhou: pdf_sem_texto. Extração de PDF falhou: pdf_sem_texto,,baixa,buscar_fonte,buscar_fonte,buscar_fonte,,,,
REG-BA-SINDPEC-2025,BA,SINDPEC BA,Processamento Eletrônico de Dados,2025,jornada,,pendente_revisao,nao_identificado_pdf,,,2026-06-15,Extração de PDF falhou: pdf_sem_texto. Extração de PDF falhou: erro_pdftotext. Extração de PDF falhou: pdf_sem_texto. Extração de PDF falhou: pdf_sem_texto. Extração de PDF falhou: pdf_sem_texto,,alta,buscar_fonte,buscar_fonte,buscar_fonte,,,,
REG-BA-SINDADOS-2025,BA,Sindados BA,Operadores de Dados,2025,piso_salarial,1592.43,extraido_para_revisao,pdf_cct,PDF da CCT,"CLÁUSULA TERCEIRA - PISO SALARIAL VIGÊNCIA DA CLÁUSULA: 01/05/2025 a 30/04/2026 Fica assegurado aos trabalhadores abrangidos por esta Convenção Coletiva de trabalho, o piso mínimo inicial normativo, que obedecerá aos seguintes critérios: a) Aos trabalhadores com jornada de trabalho de 36 (trinta e seis) horas semanais, fica fixado o piso mínimo de R$ 1.592,43 (um mil, quinhentos e noventa e dois reais e quarenta e três centavos); b) Aos trabalhadores com jornada de trabalho de 44(quarenta e quatro) horas semanais, fica fixado o piso mínimo de R$ 1.636,82 (um mil, seiscentos e trinta e seis rea…",2026-06-15,,,média,validar,validar,validar,1592.43,,,
REG-BA-SINDADOS-2025,BA,Sindados BA,Operadores de Dados,2025,adicional_noturno,,extraido_para_revisao,pdf_cct,PDF da CCT,"CLÁUSULA VIGÉSIMA QUINTA - ADICIONAL NOTURNO As empresas pagarão sobre as horas trabalhadas entre 22h e 06h, 20% (vinte por cento) de adicional noturno.",2026-06-15,,,média,validar,validar,validar,,,,
REG-BA-SINDADOS-2025,BA,Sindados BA,Operadores de Dados,2025,auxilio_alimentacao,,pendente_revisao,nao_identificado_pdf,,,2026-06-15,Cláusula de auxílio alimentação não localizada no PDF,,baixa,buscar_fonte,buscar_fonte,buscar_fonte,,,,
REG-BA-SINDADOS-2025,BA,Sindados BA,Operadores de Dados,2025,plr,,pendente_revisao,nao_identificado_pdf,,,2026-06-15,Cláusula de PLR não localizada no PDF,,baixa,buscar_fonte,buscar_fonte,buscar_fonte,,,,
REG-BA-SINDADOS-2025,BA,Sindados BA,Operadores de Dados,2025,hora_extra,,pendente_revisao,nao_identificado_pdf,,,2026-06-15,Cláusula de hora extra não localizada no PDF,,alta,buscar_fonte,buscar_fonte,buscar_fonte,,,,
REG-BA-SINDADOS-2025,BA,Sindados BA,Operadores de Dados,2025,sobreaviso,,pendente_revisao,nao_identificado_pdf,,,2026-06-15,Cláusula de sobreaviso não localizada no PDF,,baixa,buscar_fonte,buscar_fonte,buscar_fonte,,,,
REG-BA-SINDADOS-2025,BA,Sindados BA,Operadores de Dados,2025,jornada,36.0,extraido_para_revisao,pdf_cct,PDF da CCT,"CLÁUSULA VIGÉSIMA QUARTA - JORNADA DE TRABALHO E INTERVALO INTRAJORNADA Fica fixada a jornada de trabalho de 36 (trinta e seis) horas semanais, aplicável às funções de Operador Help Desk e Operador de Telemarketing e/ou Atividades de Tele-Suporte e/ou Tele- Serviços. Parágrafo Primeiro: A jornada de trabalho de 36 (trinta e seis) horas semanais, aplicável às funções de Digitador, Conferente, Auxiliar de Processamento, Auxiliar de Caixa Rápido, Digitalização, aplicável exclusivamente ao Analista 01, contrato Helpdesk – BA – CEF. Parágrafo Segundo: Os demais trabalhadores praticarão a jornada de…",2026-06-15,"Múltiplas jornadas identificadas: 36.0, 44.0h/sem; Horas diárias não calculadas: regime 12×36 não permite cálculo direto","[""36h/semana"", ""44h/semana""]",média,validar,validar,validar,36.0,,,
REG-BA-SINTTEL-2025,BA,Sinttel BA,Telecomunicações,2025,piso_salarial,1518.0,conflito,pdf_cct,PDF da CCT,"CLÁUSULA TERCEIRA - PISO SALARIAL O piso salarial dos empregados sujeitos a jornada de trabalho de 180 horas, será de R$1.518,00 (mil, quinhentos e dezoito reais) a partir de 01/05/2025. Parágrafo Primeiro: Para jornadas de trabalho inferiores a 180 horas o salário poderá ser proporcional ao piso acima definido. Parágrafo Segundo: Será concedido um abono único e indenizatório no valor de R$424,00 (quatrocentos e vinte e quatro reais)para os empregados com jornada de trabalho de 180 horas e de R$353,00 (trezentos e cinquenta e três reais) para os empregados com jornada de trabalho de 150 horas,…",2026-06-15,"Múltiplos valores identificados: 1518.0, 424.0, 353.0",,alta,revisar_conflito,marcar_conflito,marcar_conflito,1518.0,,,
REG-BA-SINTTEL-2025,BA,Sinttel BA,Telecomunicações,2025,adicional_noturno,,conflito,pdf_cct,PDF da CCT,"CLÁUSULA DÉCIMA - HORA NOTURNA O trabalho noturno será remunerado com acréscimo de 20% (vinte por cento), entendendo-se como tal o trabalho realizado das 22:00 horas de um dia até as 5:00 horas do dia seguinte, computando-se, para tanto, a hora de trabalho a cada 52:30 minutos, nos termo do artigo 73 da CLT. Parágrafo Único: No caso de não haver redução de jornada, o empregado receberá as horas trabalhadas em horas noturnas com o adicional de 37,14% (trinta e sete vírgula quatorze por cento), já inserida neste adicional a remuneração extraordinária decorrente da não redução da jornada noturna.…",2026-06-15,"Múltiplos valores identificados: 37.14, 20.0",,alta,revisar_conflito,marcar_conflito,marcar_conflito,,,,
REG-BA-SINTTEL-2025,BA,Sinttel BA,Telecomunicações,2025,auxilio_alimentacao,7.76,conflito,pdf_cct,PDF da CCT,"CLÁUSULA DÉCIMA QUARTA - AUXÍLIO LANCHE / VALE REFEIÇÃO / CESTA BÁSICA As empresas fornecerão vale refeição aos trabalhadores que estiverem no exercício de suas atividades regulares, nos seguintes termos: a) Vale refeição no valor de R$7,76 (sete reais e setenta e seis centavos) por dia efetivamente trabalhado, passando para R$7,92 (sete reais e noventa e dois centavos) a partir de 01/05/2025, passando para R$8,07 (oito reais e sete centavos) a partir de 01/10/2025, aos trabalhadores contratados com jornada de até 180 horas mensais. b) Vale refeição no valor de R$20,36 (vinte reais e trinta e …",2026-06-15,"Múltiplos valores identificados: 7.76, 7.92, 8.07, 20.36, 20.77, 21.17",,alta,revisar_conflito,marcar_conflito,marcar_conflito,7.76,,,
REG-BA-SINTTEL-2025,BA,Sinttel BA,Telecomunicações,2025,plr,,extraido_para_revisao,pdf_cct,PDF da CCT,"CLÁUSULA DÉCIMA TERCEIRA - PROGRAMA DE PARTICIPAÇÃO NOS LUCROS OU RESULTADOS (PLR/PPR) Para as empresas que não firmaram Acordo específico de PPR/PLR 2024, será concedido aos trabalhadores elegíveis, participação nos lucros ou resultados de 10% do salário base referência 31/12/2024, proporcional ao tempo de trabalho, devendo ser pago em parcela única em até 15 dias do registro do presente instrumento, para os trabalhadores até os níveis abaixo de diretores, superintendentes, gerentes e coordenadores, devendo ser respeitada a política interna e nomenclatura de cargo de cada empresa, conforme mé…",2026-06-15,,,média,validar,validar,validar,,,,
REG-BA-SINTTEL-2025,BA,Sinttel BA,Telecomunicações,2025,hora_extra,,pendente_revisao,nao_identificado_pdf,,,2026-06-15,Cláusula de hora extra não localizada no PDF,,alta,buscar_fonte,buscar_fonte,buscar_fonte,,,,
REG-BA-SINTTEL-2025,BA,Sinttel BA,Telecomunicações,2025,sobreaviso,,pendente_revisao,nao_identificado_pdf,,,2026-06-15,Cláusula de sobreaviso não localizada no PDF,,baixa,buscar_fonte,buscar_fonte,buscar_fonte,,,,
REG-BA-SINTTEL-2025,BA,Sinttel BA,Telecomunicações,2025,jornada,36.0,extraido_para_revisao,pdf_cct,PDF da CCT,"CLÁUSULA QUADRAGÉSIMA SEGUNDA - JORNADA DE TRABALHO A duração da jornada de trabalho dos trabalhadores operadores em Teleatendimento, em regime de escala de revezamento, cuja implementação a critério da empresa fica autorizada, será de 36 (trinta e seis) horas semanais, sendo de seis horas diárias. Parágrafo Primeiro: Os trabalhadores operadores terão uma folga semanal, sendo essa folga, pelo menos uma vez por mês, concedida aos domingos. Parágrafo Segundo: As partes dão-se por cientes de que está autorizado o trabalho aos domingos, nos termos do parágrafo único do artigo 67 da CLT, observada …",2026-06-15,Horas diárias não calculadas: regime não identificável,"[""36h/semana""]",média,validar,validar,validar,36.0,,,
REG-CE-SINDPD-2024,CE,Sindpd CE,Tecnologia da Informação,2024,piso_salarial,,pendente_revisao,nao_identificado_pdf,,,2026-06-15,Extração de PDF falhou: pdf_sem_texto. Extração de PDF falhou: erro_pdftotext. Extração de PDF falhou: pdf_sem_texto. Extração de PDF falhou: pdf_sem_texto. Extração de PDF falhou: pdf_sem_texto,,alta,buscar_fonte,buscar_fonte,buscar_fonte,,,,
REG-CE-SINDPD-2024,CE,Sindpd CE,Tecnologia da Informação,2024,adicional_noturno,,pendente_revisao,nao_identificado_pdf,,,2026-06-15,Extração de PDF falhou: pdf_sem_texto. Extração de PDF falhou: erro_pdftotext. Extração de PDF falhou: pdf_sem_texto. Extração de PDF falhou: pdf_sem_texto. Extração de PDF falhou: pdf_sem_texto,,alta,buscar_fonte,buscar_fonte,buscar_fonte,,,,
REG-CE-SINDPD-2024,CE,Sindpd CE,Tecnologia da Informação,2024,auxilio_alimentacao,,pendente_revisao,nao_identificado_pdf,,,2026-06-15,Extração de PDF falhou: pdf_sem_texto. Extração de PDF falhou: erro_pdftotext. Extração de PDF falhou: pdf_sem_texto. Extração de PDF falhou: pdf_sem_texto. Extração de PDF falhou: pdf_sem_texto,,baixa,buscar_fonte,buscar_fonte,buscar_fonte,,,,
REG-CE-SINDPD-2024,CE,Sindpd CE,Tecnologia da Informação,2024,plr,,pendente_revisao,nao_identificado_pdf,,,2026-06-15,Extração de PDF falhou: pdf_sem_texto. Extração de PDF falhou: erro_pdftotext. Extração de PDF falhou: pdf_sem_texto. Extração de PDF falhou: pdf_sem_texto. Extração de PDF falhou: pdf_sem_texto,,baixa,buscar_fonte,buscar_fonte,buscar_fonte,,,,
REG-CE-SINDPD-2024,CE,Sindpd CE,Tecnologia da Informação,2024,hora_extra,,pendente_revisao,nao_identificado_pdf,,,2026-06-15,Extração de PDF falhou: pdf_sem_texto. Extração de PDF falhou: erro_pdftotext. Extração de PDF falhou: pdf_sem_texto. Extração de PDF falhou: pdf_sem_texto. Extração de PDF falhou: pdf_sem_texto,,alta,buscar_fonte,buscar_fonte,buscar_fonte,,,,
REG-CE-SINDPD-2024,CE,Sindpd CE,Tecnologia da Informação,2024,sobreaviso,,pendente_revisao,nao_identificado_pdf,,,2026-06-15,Extração de PDF falhou: pdf_sem_texto. Extração de PDF falhou: erro_pdftotext. Extração de PDF falhou: pdf_sem_texto. Extração de PDF falhou: pdf_sem_texto. Extração de PDF falhou: pdf_sem_texto,,baixa,buscar_fonte,buscar_fonte,buscar_fonte,,,,
REG-CE-SINDPD-2024,CE,Sindpd CE,Tecnologia da Informação,2024,jornada,,pendente_revisao,nao_identificado_pdf,,,2026-06-15,Extração de PDF falhou: pdf_sem_texto. Extração de PDF falhou: erro_pdftotext. Extração de PDF falhou: pdf_sem_texto. Extração de PDF falhou: pdf_sem_texto. Extração de PDF falhou: pdf_sem_texto,,alta,buscar_fonte,buscar_fonte,buscar_fonte,,,,
REG-DF-SESCON-2025,DF,SESCON DF,Serviços Contábeis,2025,piso_salarial,,pendente_revisao,nao_identificado_pdf,,,2026-06-15,Cláusula de piso salarial não localizada no PDF,,alta,buscar_fonte,buscar_fonte,buscar_fonte,,,,
REG-DF-SESCON-2025,DF,SESCON DF,Serviços Contábeis,2025,adicional_noturno,,conflito,pdf_cct,PDF da CCT,"CLÁUSULA DÉCIMA - ADICIONAL NOTURNO Aos empregados das empresas representadas pelo SESCON/DF é assegurado o adicional noturno com o acréscimo de 20% (vinte por cento) sobre as horas trabalhadas, no horário compreendido entre as 22h00min e 05h00min. Parágrafo Único - Aos empregados associados ao SINEECON é assegurado o adicional noturno com o acréscimo de 25% (vinte e cinco por cento) sobre as horas trabalhadas, no horário compreendido entre as 22h00min e 05h00min. Auxílio Alimentação",2026-06-15,"Múltiplos valores identificados: 20.0, 25.0",,alta,revisar_conflito,marcar_conflito,marcar_conflito,,,,
REG-DF-SESCON-2025,DF,SESCON DF,Serviços Contábeis,2025,auxilio_alimentacao,32.63,conflito,pdf_cct,PDF da CCT,"CLÁUSULA DÉCIMA PRIMEIRA - AUXÍLIO ALIMENTAÇÃO Fica os empregadores obrigados a fornecer alimentação diariamente para os trabalhadores contratados sob o regime de jornada superior à 06 (seis) horas diárias. Parágrafo Primeiro – Aos empregados associados ao SINEECON, é assegurado o pagamento de Vale Alimentação no valor correspondente no valor de R$ 32,63 (trinta e dois reais e sessenta e três centavos) por dia trabalhado. Parágrafo Segundo – Aos empregados não associados ao SINEECON, é assegurado o pagamento de Vale Alimentação no valor correspondente no valor de R$ 30,41 (trinta reais e quare…",2026-06-15,"Múltiplos valores identificados: 32.63, 30.41",,alta,revisar_conflito,marcar_conflito,marcar_conflito,32.63,,,
REG-DF-SESCON-2025,DF,SESCON DF,Serviços Contábeis,2025,plr,,extraido_para_revisao,pdf_cct,PDF da CCT,"CLÁUSULA VIGÉSIMA SEGUNDA - PARTICIPAÇÃO NOS LUCROS E/OU RESULTADOS As empresas poderão adotar espontaneamente o programa de participação de lucros conforme determina sua distribuição em Observância dos Requisitos da Lei nº 10.101 de 19.12.2000 e a Lei 12.832 de 2013, desde que obedeça as normas preestabelecidas. Parágrafo Primeiro – As empresas que aderirem ao PLR encaminharão ao sindicato laboral uma cópia do referido acordo para ciência e arquivo. Parágrafo Segundo – Produtividade – As empresas farão de forma espontânea contratos de produtividade por metas de incentivo aos trabalhadores, es…",2026-06-15,Cláusula de PLR encontrada; valor/regra específica requer revisão,,média,validar,validar,validar,,,,
REG-DF-SESCON-2025,DF,SESCON DF,Serviços Contábeis,2025,hora_extra,,pendente_revisao,nao_identificado_pdf,,,2026-06-15,Cláusula de hora extra não localizada no PDF,,alta,buscar_fonte,buscar_fonte,buscar_fonte,,,,
REG-DF-SESCON-2025,DF,SESCON DF,Serviços Contábeis,2025,sobreaviso,,pendente_revisao,nao_identificado_pdf,,,2026-06-15,Cláusula de sobreaviso não localizada no PDF,,baixa,buscar_fonte,buscar_fonte,buscar_fonte,,,,
REG-DF-SESCON-2025,DF,SESCON DF,Serviços Contábeis,2025,jornada,,pendente_revisao,nao_identificado_pdf,,,2026-06-15,Cláusula de jornada de trabalho não localizada no PDF,,alta,buscar_fonte,buscar_fonte,buscar_fonte,,,,
REG-DF-SINDPD-2025,DF,Sindpd DF,Tecnologia da Informação,2025,piso_salarial,1642.48,conflito,pdf_cct,PDF da CCT,"CLÁUSULA QUARTA - PISO SALARIAL A partir de 1º de maio de 2025 é fixado o piso salarial da categoria, nos seguintes termos: 1- Para os trabalhadores com jornada de 6 (seis) horas o valor de R$ 1.642,48 (mil seiscentos e quarenta e dois reais e quarenta e oito centavos), pago até o 5º dia útil. II- Para os trabalhadores com jornada de 8 (oito) horas o valor de R$ 1.728,89 (mil setecentos e vinte e oito reais e oitenta e nove centavos), pago até o 5º dia útil. III Em caso de aumento do salário-mínimo vigente à época no país, ultrapassando-se os valores acima - discriminados, aplica-se o mais ben…",2026-06-15,"Múltiplos valores identificados: 1642.48, 1728.89",,alta,revisar_conflito,marcar_conflito,marcar_conflito,1642.48,,,
REG-DF-SINDPD-2025,DF,Sindpd DF,Tecnologia da Informação,2025,adicional_noturno,,extraido_para_revisao,pdf_cct,PDF da CCT,CLÁUSULA DÉCIMA PRIMEIRA ADICIONAL NOTURNO - Aemtresas pagarão sobre s horas :abalhadas ente 22hedeh 20% vite por cento) de adiciona Participação nos Lucros e/ou Resultados,2026-06-15,,,média,validar,validar,validar,,,,
REG-DF-SINDPD-2025,DF,Sindpd DF,Tecnologia da Informação,2025,auxilio_alimentacao,39.0,conflito,pdf_cct,PDF da CCT,"CLÁUSULA DÉCIMA TERCEIRA - VALE REFEIÇÃO/ALIMENTAÇÃO 2025 A partir de 1º de maio de 2025, as empresas concederão cartão magnético contendo vale-refeição ou alimentação equivalente aos dias trabalhados no mês, no valor mínimo de: a) R$ 39,00 (trinta e nove reais) para todos os empregados independentemente da carga horária de 06 (seis) horas ou 08 (oito) horas, sem integralizar ao salário. Parágrafo Primeiro - Os trabalhadores que recebem o vale refeição ou alimentação com valor superior ao estipulado nessa cláusula, terão os valores faciais reajustados no importe de 5,53% (cinco virgula cinquen…",2026-06-15,"Múltiplos valores identificados: 39.0, 2540.1, 2540.11, 4298.65, 4298.66, 6252.56, 6252.57, 7815.73, 7815.74, 9574.29, 9574.3",,alta,revisar_conflito,marcar_conflito,marcar_conflito,39.0,,,
REG-DF-SINDPD-2025,DF,Sindpd DF,Tecnologia da Informação,2025,plr,,extraido_para_revisao,pdf_cct,PDF da CCT,"CLÁUSULA DÉCIMA SEGUNDA - PLR As empresas com mais de 300 (trezentos) empregados terão o prazo de até 90 (noventa) dias, contados da homologação da presente Convenção Coletiva de Trabalho, para apresentar ao SINDPD-DF, por via eletrônica ou por ofício, pedido de abertura de negociação que vise à implantação de programa de participação dos empregados nos lucros e/ou resultados, de que trata a lei 10.101/00, alterada pela lei n° 12.832/12, respeitadas as condições mais vantajosas em prática. Parágrafo Primeiro - Empresas integrantes de grupos econômicos do qual qualquer uma de suas subsidiarias …",2026-06-15,Cláusula de PLR encontrada; valor/regra específica requer revisão,,média,validar,validar,validar,,,,
REG-DF-SINDPD-2025,DF,Sindpd DF,Tecnologia da Informação,2025,hora_extra,,pendente_revisao,nao_identificado_pdf,,,2026-06-15,"Cláusula localizada, mas valor/percentual não pôde ser identificado automaticamente",,alta,buscar_fonte,buscar_fonte,buscar_fonte,,,,
REG-DF-SINDPD-2025,DF,Sindpd DF,Tecnologia da Informação,2025,sobreaviso,,pendente_revisao,nao_identificado_pdf,,,2026-06-15,Cláusula de sobreaviso não localizada no PDF,,baixa,buscar_fonte,buscar_fonte,buscar_fonte,,,,
REG-DF-SINDPD-2025,DF,Sindpd DF,Tecnologia da Informação,2025,jornada,36.0,extraido_para_revisao,pdf_cct,PDF da CCT,"CLÁUSULA QUADRAGÉSIMA - JORNADA DE TRABALHO A jornada de trabalho para digitadores e conferentes de numerários será de 30 e 36 horas semanais de forma alternada. Parágrafo Único Durante a jornada da digitação, será concedido intervalo de 10 (dez) minutos de - descanso nos termos do art. 72 da CLT.",2026-06-15,Horas diárias não calculadas: regime não identificável,"[""36h/semana""]",média,validar,validar,validar,36.0,,,
REG-DF-SINTTEL-2025,DF,Sinttel DF,Telecomunicações,2025,piso_salarial,1547.59,extraido_para_revisao,pdf_cct,PDF da CCT,"CLÁUSULA QUARTA - SALÁRIO MÍNIMO DA CATEGORIA E PISOS SALARIAIS A todos os empregados da categoria profissional fica garantido o reajuste salarial, a partir de 1º de janeiro de 2025, conforme tabela abaixo: SALÁRIO FUNÇÃO Jornada Jornada 30h/semanais 36h/semanais Atendente de Central Telefônica - Operador de Telecobrança / I Op. Rádio Chamada – Op. Telemarketing - Telefonista - Tele R$ 1.547,59 R$ 1.857,11 atendente ou afins (ativo/receptivo/híbrido). Atendente de Central Telefônica - Operador de Telecobrança / Op. Rádio Chamada – Op. Telemarketing - Telefonista - Tele II R$ 1.856,74 R$ 2.228,…",2026-06-15,,,média,validar,validar,validar,1547.59,,,
REG-DF-SINTTEL-2025,DF,Sinttel DF,Telecomunicações,2025,adicional_noturno,,extraido_para_revisao,pdf_cct,PDF da CCT,"CLÁUSULA DÉCIMA PRIMEIRA - ADICIONAL NOTURNO O trabalho noturno será pago com o adicional de 20% (vinte por cento), a incidir sobre o salário hora, calculado sobre o salário fixo. Comissões",2026-06-15,,,média,validar,validar,validar,,,,
REG-DF-SINTTEL-2025,DF,Sinttel DF,Telecomunicações,2025,auxilio_alimentacao,44.31,extraido_para_revisao,pdf_cct,PDF da CCT,"CLÁUSULA DÉCIMA TERCEIRA - AUXÍLIO ALIMENTAÇÃO As empresas ficam obrigadas a pagar o Auxílio Alimentação no valor de R$ 44,31 (quarenta e quatro reais e trinta e um centavos), de uma única vez, a cada 30 (trinta) dias, pelos dias efetivamente trabalhados, independentemente da carga horária diária. A presente parcela não integra os salários, por não ter caráter de contraprestação de serviços. Parágrafo Primeiro – Em cumprimento ao PAT, o desconto relativo a este auxílio será de até 15% (quinze por cento) do valor do benefício. Sendo que, para os empregados efetivamente associados ao Sinttel-DF,…",2026-06-15,,,média,validar,validar,validar,44.31,,,
REG-DF-SINTTEL-2025,DF,Sinttel DF,Telecomunicações,2025,plr,,pendente_revisao,nao_identificado_pdf,,,2026-06-15,Cláusula de PLR não localizada no PDF,,baixa,buscar_fonte,buscar_fonte,buscar_fonte,,,,
REG-DF-SINTTEL-2025,DF,Sinttel DF,Telecomunicações,2025,hora_extra,,extraido_para_revisao,pdf_cct,PDF da CCT,"CLÁUSULA DÉCIMA - HORA EXTRA As horas extras semanais serão remuneradas com o adicional de 50% (cinquenta por cento) e as horas extras realizadas aos domingos e feriados com adicional de 100% (cem por cento), as quais deverão ser pagas na folha de pagamento do mês seguinte ao do fato gerador. Adicional Noturno",2026-06-15,"Percentuais diferentes para dias úteis, sábados, domingos e feriados",,média,validar,validar,validar,,,,
REG-DF-SINTTEL-2025,DF,Sinttel DF,Telecomunicações,2025,sobreaviso,,pendente_revisao,nao_identificado_pdf,,,2026-06-15,Cláusula de sobreaviso não localizada no PDF,,baixa,buscar_fonte,buscar_fonte,buscar_fonte,,,,
REG-DF-SINTTEL-2025,DF,Sinttel DF,Telecomunicações,2025,jornada,,extraido_para_revisao,pdf_cct,PDF da CCT,"CLÁUSULA VIGÉSIMA SEXTA - JORNADA DE TRABALHO A duração da jornada de trabalho dos empregados operadores em tele-atendimento (call-centers) e telemarketing poderão ser de 30h/36h (trinta ou trintas e seis) horas semanais, sendo de 06 (seis) horas diárias. Parágrafo Primeiro – O intervalo de 20 minutos será computado na jornada de trabalho, sendo que as pausas, serão gozadas nos termos da NR-17, Anexo-II, Item 5.4.2. Parágrafo Segundo – As partes dão-se por cientes de que está autorizado o trabalho aos domingos e feriados, nos termos do Parágrafo único do artigo 67 e artigo 386, ambos da CLT, o…",2026-06-15,Cláusula de jornada encontrada; carga horária requer revisão,,média,validar,validar,validar,,,,
,ES,Sindpd ES,Tecnologia da Informação,2025,piso_salarial,,pendente_revisao,nao_identificado_pdf,,,2026-06-15,Extração de PDF falhou: pdf_sem_texto. Extração de PDF falhou: erro_pdftotext. Extração de PDF falhou: pdf_sem_texto. Extração de PDF falhou: pdf_sem_texto. Extração de PDF falhou: pdf_sem_texto,,alta,buscar_fonte,buscar_fonte,buscar_fonte,,,,
,ES,Sindpd ES,Tecnologia da Informação,2025,adicional_noturno,,pendente_revisao,nao_identificado_pdf,,,2026-06-15,Extração de PDF falhou: pdf_sem_texto. Extração de PDF falhou: erro_pdftotext. Extração de PDF falhou: pdf_sem_texto. Extração de PDF falhou: pdf_sem_texto. Extração de PDF falhou: pdf_sem_texto,,alta,buscar_fonte,buscar_fonte,buscar_fonte,,,,
,ES,Sindpd ES,Tecnologia da Informação,2025,auxilio_alimentacao,,pendente_revisao,nao_identificado_pdf,,,2026-06-15,Extração de PDF falhou: pdf_sem_texto. Extração de PDF falhou: erro_pdftotext. Extração de PDF falhou: pdf_sem_texto. Extração de PDF falhou: pdf_sem_texto. Extração de PDF falhou: pdf_sem_texto,,baixa,buscar_fonte,buscar_fonte,buscar_fonte,,,,
,ES,Sindpd ES,Tecnologia da Informação,2025,plr,,pendente_revisao,nao_identificado_pdf,,,2026-06-15,Extração de PDF falhou: pdf_sem_texto. Extração de PDF falhou: erro_pdftotext. Extração de PDF falhou: pdf_sem_texto. Extração de PDF falhou: pdf_sem_texto. Extração de PDF falhou: pdf_sem_texto,,baixa,buscar_fonte,buscar_fonte,buscar_fonte,,,,
,ES,Sindpd ES,Tecnologia da Informação,2025,hora_extra,,pendente_revisao,nao_identificado_pdf,,,2026-06-15,Extração de PDF falhou: pdf_sem_texto. Extração de PDF falhou: erro_pdftotext. Extração de PDF falhou: pdf_sem_texto. Extração de PDF falhou: pdf_sem_texto. Extração de PDF falhou: pdf_sem_texto,,alta,buscar_fonte,buscar_fonte,buscar_fonte,,,,
,ES,Sindpd ES,Tecnologia da Informação,2025,sobreaviso,,pendente_revisao,nao_identificado_pdf,,,2026-06-15,Extração de PDF falhou: pdf_sem_texto. Extração de PDF falhou: erro_pdftotext. Extração de PDF falhou: pdf_sem_texto. Extração de PDF falhou: pdf_sem_texto. Extração de PDF falhou: pdf_sem_texto,,baixa,buscar_fonte,buscar_fonte,buscar_fonte,,,,
,ES,Sindpd ES,Tecnologia da Informação,2025,jornada,,pendente_revisao,nao_identificado_pdf,,,2026-06-15,Extração de PDF falhou: pdf_sem_texto. Extração de PDF falhou: erro_pdftotext. Extração de PDF falhou: pdf_sem_texto. Extração de PDF falhou: pdf_sem_texto. Extração de PDF falhou: pdf_sem_texto,,alta,buscar_fonte,buscar_fonte,buscar_fonte,,,,
REG-GO-SESCON-2024,GO,SESCON GO,Serviços Contábeis,2024,piso_salarial,,pendente_revisao,nao_identificado_pdf,,,2026-06-15,"Cláusula localizada, mas valor/percentual não pôde ser identificado automaticamente",,alta,buscar_fonte,buscar_fonte,buscar_fonte,,,,
REG-GO-SESCON-2024,GO,SESCON GO,Serviços Contábeis,2024,adicional_noturno,,pendente_revisao,nao_identificado_pdf,,,2026-06-15,Cláusula de adicional noturno não localizada no PDF,,alta,buscar_fonte,buscar_fonte,buscar_fonte,,,,
REG-GO-SESCON-2024,GO,SESCON GO,Serviços Contábeis,2024,auxilio_alimentacao,,pendente_revisao,nao_identificado_pdf,,,2026-06-15,Cláusula de auxílio alimentação não localizada no PDF,,baixa,buscar_fonte,buscar_fonte,buscar_fonte,,,,
REG-GO-SESCON-2024,GO,SESCON GO,Serviços Contábeis,2024,plr,,pendente_revisao,nao_identificado_pdf,,,2026-06-15,Cláusula de PLR não localizada no PDF,,baixa,buscar_fonte,buscar_fonte,buscar_fonte,,,,
REG-GO-SESCON-2024,GO,SESCON GO,Serviços Contábeis,2024,hora_extra,,pendente_revisao,nao_identificado_pdf,,,2026-06-15,"Cláusula localizada, mas valor/percentual não pôde ser identificado automaticamente",,alta,buscar_fonte,buscar_fonte,buscar_fonte,,,,
REG-GO-SESCON-2024,GO,SESCON GO,Serviços Contábeis,2024,sobreaviso,,pendente_revisao,nao_identificado_pdf,,,2026-06-15,Cláusula de sobreaviso não localizada no PDF,,baixa,buscar_fonte,buscar_fonte,buscar_fonte,,,,
REG-GO-SESCON-2024,GO,SESCON GO,Serviços Contábeis,2024,jornada,,pendente_revisao,nao_identificado_pdf,,,2026-06-15,Cláusula de jornada de trabalho não localizada no PDF,,alta,buscar_fonte,buscar_fonte,buscar_fonte,,,,
REG-GO-SINDPD-2025,GO,Sindpd GO,Tecnologia da Informação,2025,piso_salarial,1524.93,extraido_para_revisao,pdf_cct,PDF da CCT,"CLÁUSULA TERCEIRA - PISO SALARIAL Aos trabalhadores das funções abaixo discriminadas ficam garantidos os seguintes pisos salariais, respeitando-se os salários em valores superiores. O Código CBO da tabela abaixo possui subitens que devem ser utilizados para o cargo específico. (sugestão de site para pesquisa: https://www.ocupacoes.com.br/): Salário Base CBO Funções (R$) 2124 Analistas de tecnologia da informação Iniciantes R$ 2.994,30 2124 Analistas de tecnologia da informação R$ 3.733,82 Técnicos de desenvolvimento de sistemas e 3171 R$ 1.931,79 aplicações Iniciantes 3171 Técnicos de desenvol…",2026-06-15,,,média,validar,validar,validar,1524.93,,,
REG-GO-SINDPD-2025,GO,Sindpd GO,Tecnologia da Informação,2025,adicional_noturno,,extraido_para_revisao,pdf_cct,PDF da CCT,"CLÁUSULA NONA - ADICIONAL NOTURNO As horas de trabalho exercidas no horário compreendido entre às 22:00 horas de um dia e 05:00 horas do dia seguinte, serão remuneradas com um adicional de 20% (vinte por cento), calculado sobre o valor da hora normal, conforme dispositivo legal. ADICIONAL DE INSALUBRIDADE",2026-06-15,,,média,validar,validar,validar,,,,
REG-GO-SINDPD-2025,GO,Sindpd GO,Tecnologia da Informação,2025,auxilio_alimentacao,28.0,conflito,pdf_cct,PDF da CCT,"CLÁUSULA DÉCIMA TERCEIRA - AUXÍLIO ALIMENTAÇÃO / REFEIÇÃO As empresas fornecerão, mensalmente, aos empregados 22 (vinte e dois) vales refeição ou vales alimentação, com os seguintes valores faciais: 1. Para empregados com jornada de trabalho de 6 (seis) horas, cada vale terá o valor facial de R$ 28,00 (Vinte e oito reais); 2. Para os demais empregados, e que trabalhem jornada superior a 6 (seis) cada vale terá o valor facial de R$ 32,67 (trinta e dois reais e sessenta e sete centavos) 3. Com vistas a adequação da entrega do Benefício Alimentação às exigências do Programa de Alimentação do Trab…",2026-06-15,"Múltiplos valores identificados: 28.0, 32.67",,alta,revisar_conflito,marcar_conflito,marcar_conflito,28.0,,,
REG-GO-SINDPD-2025,GO,Sindpd GO,Tecnologia da Informação,2025,plr,,pendente_revisao,nao_identificado_pdf,,,2026-06-15,Cláusula de PLR não localizada no PDF,,baixa,buscar_fonte,buscar_fonte,buscar_fonte,,,,
REG-GO-SINDPD-2025,GO,Sindpd GO,Tecnologia da Informação,2025,hora_extra,,extraido_para_revisao,pdf_cct,PDF da CCT,"CLÁUSULA SÉTIMA - HORAS EXTRAS As horas laboradas em regime extraordinário serão remuneradas com o adicional de 50% (cinquenta por cento), calculados sobre o valor da hora normal, conforme dispositivo legal. Parágrafo Único – Havendo necessidade de trabalho aos domingos e/ou feriados, as horas laboradas nestes dias, serão remuneradas com o adicional de 100% (cem por cento), calculado sobre o valor da hora normal. ADICIONAL DE TEMPO DE SERVIÇO",2026-06-15,"Percentuais diferentes para dias úteis, sábados, domingos e feriados",,média,validar,validar,validar,,,,
REG-GO-SINDPD-2025,GO,Sindpd GO,Tecnologia da Informação,2025,sobreaviso,,extraido_para_revisao,pdf_cct,PDF da CCT,"CLÁUSULA TRIGÉSIMA SEXTA - SOBREAVISO Considera-se em sobreaviso o empregado que à distância é submetido a controle patronal por instrumentos telemáticos ou informatizados, permanecer em regime de plantão ou equivalente, aguardando a qualquer momento o chamado para o serviço durante o período de descanso. Parágrafo Primeiro – O uso de instrumentos telemáticos ou informatizados fornecidos pela empresa ao empregado, por si só, não caracteriza o regime de sobreaviso, desde que não sejam utilizados para o trabalho após o horário de expediente. Parágrafo Segundo – Ressalvado o disposto no art. 244,…",2026-06-15,,,média,validar,validar,validar,,,,
REG-GO-SINDPD-2025,GO,Sindpd GO,Tecnologia da Informação,2025,jornada,36.0,extraido_para_revisao,pdf_cct,PDF da CCT,"CLÁUSULA TRIGÉSIMA QUINTA - JORNADA DE TRABALHO A jornada de trabalho de Fitotecário, Digitador e Operador de Main Frame será de 6 (seis) horas diárias de segunda-feira a sábado, perfazendo um total de 36 (trinta e seis) horas semanais. Para os demais cargos serão 8 (oito) horas diárias de segunda-feira a sexta-feira e 4 (quatro) horas no sábado, perfazendo um total de 44 (quarenta e quatro) horas semanais, ou 44 (quarenta e quatro) horas de segunda-feira a sexta-feira com REDUÇÃO do horário de almoço de 2 (duas) horas PARA 1h12m (uma hora e doze minutos) e sem expediente aos sábados, sendo es…",2026-06-15,"Múltiplas jornadas identificadas: 36.0, 44.0h/sem; Horas diárias não calculadas: regime 12×36 não permite cálculo direto","[""36h/semana"", ""44h/semana""]",média,validar,validar,validar,36.0,,,
REG-GO-SINTTEL-2025,GO,Sinttel GO,Telecomunicações,2025,piso_salarial,,pendente_revisao,nao_identificado_pdf,,,2026-06-15,Extração de PDF falhou: pdf_sem_texto. Extração de PDF falhou: erro_pdftotext. Extração de PDF falhou: pdf_sem_texto. Extração de PDF falhou: pdf_sem_texto. Extração de PDF falhou: pdf_sem_texto,,alta,buscar_fonte,buscar_fonte,buscar_fonte,,,,
REG-GO-SINTTEL-2025,GO,Sinttel GO,Telecomunicações,2025,adicional_noturno,,pendente_revisao,nao_identificado_pdf,,,2026-06-15,Extração de PDF falhou: pdf_sem_texto. Extração de PDF falhou: erro_pdftotext. Extração de PDF falhou: pdf_sem_texto. Extração de PDF falhou: pdf_sem_texto. Extração de PDF falhou: pdf_sem_texto,,alta,buscar_fonte,buscar_fonte,buscar_fonte,,,,
REG-GO-SINTTEL-2025,GO,Sinttel GO,Telecomunicações,2025,auxilio_alimentacao,,pendente_revisao,nao_identificado_pdf,,,2026-06-15,Extração de PDF falhou: pdf_sem_texto. Extração de PDF falhou: erro_pdftotext. Extração de PDF falhou: pdf_sem_texto. Extração de PDF falhou: pdf_sem_texto. Extração de PDF falhou: pdf_sem_texto,,baixa,buscar_fonte,buscar_fonte,buscar_fonte,,,,
REG-GO-SINTTEL-2025,GO,Sinttel GO,Telecomunicações,2025,plr,,pendente_revisao,nao_identificado_pdf,,,2026-06-15,Extração de PDF falhou: pdf_sem_texto. Extração de PDF falhou: erro_pdftotext. Extração de PDF falhou: pdf_sem_texto. Extração de PDF falhou: pdf_sem_texto. Extração de PDF falhou: pdf_sem_texto,,baixa,buscar_fonte,buscar_fonte,buscar_fonte,,,,
REG-GO-SINTTEL-2025,GO,Sinttel GO,Telecomunicações,2025,hora_extra,,pendente_revisao,nao_identificado_pdf,,,2026-06-15,Extração de PDF falhou: pdf_sem_texto. Extração de PDF falhou: erro_pdftotext. Extração de PDF falhou: pdf_sem_texto. Extração de PDF falhou: pdf_sem_texto. Extração de PDF falhou: pdf_sem_texto,,alta,buscar_fonte,buscar_fonte,buscar_fonte,,,,
REG-GO-SINTTEL-2025,GO,Sinttel GO,Telecomunicações,2025,sobreaviso,,pendente_revisao,nao_identificado_pdf,,,2026-06-15,Extração de PDF falhou: pdf_sem_texto. Extração de PDF falhou: erro_pdftotext. Extração de PDF falhou: pdf_sem_texto. Extração de PDF falhou: pdf_sem_texto. Extração de PDF falhou: pdf_sem_texto,,baixa,buscar_fonte,buscar_fonte,buscar_fonte,,,,
REG-GO-SINTTEL-2025,GO,Sinttel GO,Telecomunicações,2025,jornada,,pendente_revisao,nao_identificado_pdf,,,2026-06-15,Extração de PDF falhou: pdf_sem_texto. Extração de PDF falhou: erro_pdftotext. Extração de PDF falhou: pdf_sem_texto. Extração de PDF falhou: pdf_sem_texto. Extração de PDF falhou: pdf_sem_texto,,alta,buscar_fonte,buscar_fonte,buscar_fonte,,,,
REG-MA-SINDPD-2023,MA,Sindpd MA,Tecnologia da Informação,2023,piso_salarial,,pendente_revisao,nao_identificado_pdf,,,2026-06-15,Extração de PDF falhou: pdf_sem_texto. Extração de PDF falhou: erro_pdftotext. Extração de PDF falhou: pdf_sem_texto. Extração de PDF falhou: pdf_sem_texto. Extração de PDF falhou: pdf_sem_texto,,alta,buscar_fonte,buscar_fonte,buscar_fonte,,,,
REG-MA-SINDPD-2023,MA,Sindpd MA,Tecnologia da Informação,2023,adicional_noturno,,pendente_revisao,nao_identificado_pdf,,,2026-06-15,Extração de PDF falhou: pdf_sem_texto. Extração de PDF falhou: erro_pdftotext. Extração de PDF falhou: pdf_sem_texto. Extração de PDF falhou: pdf_sem_texto. Extração de PDF falhou: pdf_sem_texto,,alta,buscar_fonte,buscar_fonte,buscar_fonte,,,,
REG-MA-SINDPD-2023,MA,Sindpd MA,Tecnologia da Informação,2023,auxilio_alimentacao,,pendente_revisao,nao_identificado_pdf,,,2026-06-15,Extração de PDF falhou: pdf_sem_texto. Extração de PDF falhou: erro_pdftotext. Extração de PDF falhou: pdf_sem_texto. Extração de PDF falhou: pdf_sem_texto. Extração de PDF falhou: pdf_sem_texto,,baixa,buscar_fonte,buscar_fonte,buscar_fonte,,,,
REG-MA-SINDPD-2023,MA,Sindpd MA,Tecnologia da Informação,2023,plr,,pendente_revisao,nao_identificado_pdf,,,2026-06-15,Extração de PDF falhou: pdf_sem_texto. Extração de PDF falhou: erro_pdftotext. Extração de PDF falhou: pdf_sem_texto. Extração de PDF falhou: pdf_sem_texto. Extração de PDF falhou: pdf_sem_texto,,baixa,buscar_fonte,buscar_fonte,buscar_fonte,,,,
REG-MA-SINDPD-2023,MA,Sindpd MA,Tecnologia da Informação,2023,hora_extra,,pendente_revisao,nao_identificado_pdf,,,2026-06-15,Extração de PDF falhou: pdf_sem_texto. Extração de PDF falhou: erro_pdftotext. Extração de PDF falhou: pdf_sem_texto. Extração de PDF falhou: pdf_sem_texto. Extração de PDF falhou: pdf_sem_texto,,alta,buscar_fonte,buscar_fonte,buscar_fonte,,,,
REG-MA-SINDPD-2023,MA,Sindpd MA,Tecnologia da Informação,2023,sobreaviso,,pendente_revisao,nao_identificado_pdf,,,2026-06-15,Extração de PDF falhou: pdf_sem_texto. Extração de PDF falhou: erro_pdftotext. Extração de PDF falhou: pdf_sem_texto. Extração de PDF falhou: pdf_sem_texto. Extração de PDF falhou: pdf_sem_texto,,baixa,buscar_fonte,buscar_fonte,buscar_fonte,,,,
REG-MA-SINDPD-2023,MA,Sindpd MA,Tecnologia da Informação,2023,jornada,,pendente_revisao,nao_identificado_pdf,,,2026-06-15,Extração de PDF falhou: pdf_sem_texto. Extração de PDF falhou: erro_pdftotext. Extração de PDF falhou: pdf_sem_texto. Extração de PDF falhou: pdf_sem_texto. Extração de PDF falhou: pdf_sem_texto,,alta,buscar_fonte,buscar_fonte,buscar_fonte,,,,
REG-MG-SESCON-2025,MG,SESCON MG,Serviços Contábeis,2025,piso_salarial,1518.0,extraido_para_revisao,pdf_cct,PDF da CCT,"CLÁUSULA TERCEIRA - PISOS SALARIAIS Os empregados admitidos a partir de 1º de junho de 2025 não poderão receber salários inferiores a: Funções Pisos Mensageiro/copeiro/Faxineiro R$ 1.518,00 e contínuo Após o período de experiência R$ 1.518,00 Leiturista – Belo Horizonte e R$ 2.282,24 Região Metropolitana R$ 2.224,51 Leiturista – Interior de Minas Demais Funções R$ 1.546,59 Parágrafo Primeiro: Independentemente da denominação do cargo e/ou função ocupado, a todos os trabalhadores, que por força de contrato de terceirização ou prestação de serviços, desenvolvam serviços de tratamento de document…",2026-06-15,,,média,validar,validar,validar,1518.0,,,
REG-MG-SESCON-2025,MG,SESCON MG,Serviços Contábeis,2025,adicional_noturno,,pendente_revisao,nao_identificado_pdf,,,2026-06-15,Cláusula de adicional noturno não localizada no PDF,,alta,buscar_fonte,buscar_fonte,buscar_fonte,,,,
REG-MG-SESCON-2025,MG,SESCON MG,Serviços Contábeis,2025,auxilio_alimentacao,25.73,extraido_para_revisao,pdf_cct,PDF da CCT,"CLÁUSULA DÉCIMA - AUXÍLIO ALIMENTAÇÃO A partir de 1º de junho de 2025, as empresas concederão a todos seus empregados, que cumpram jornada de trabalho superior a seis horas, tíquetes alimentação/refeição, por dia efetivamente trabalhado, no valor facial de R$ 25,73 (vinte e cinco reais e setenta e três centavos) cada, possuindo os mesmos natureza indenizatória. Parágrafo Primeiro: As empresas poderão, ao seu critério, pagar aos seus empregados o auxílio em dinheiro, antecipadamente, na folha de pagamento, possuindo natureza indenizatória e não remuneratória. Parágrafo Segundo: A presente cláus…",2026-06-15,,,média,validar,validar,validar,25.73,,,
REG-MG-SESCON-2025,MG,SESCON MG,Serviços Contábeis,2025,plr,,pendente_revisao,nao_identificado_pdf,,,2026-06-15,Cláusula de PLR não localizada no PDF,,baixa,buscar_fonte,buscar_fonte,buscar_fonte,,,,
REG-MG-SESCON-2025,MG,SESCON MG,Serviços Contábeis,2025,hora_extra,,conflito,pdf_cct,PDF da CCT,"CLÁUSULA OITAVA - HORAS EXTRAS As horas extraordinárias serão pagas com adicional de 90% (noventa inteiros por cento) sobre o salário hora normal. Parágrafo Único: Fica estabelecida a possibilidade de compensão de jornada em 180 dias (cento e oitenta dias). Caso da empresa opte por pagar as horas extras nesse período quando poderia compensá-las, poderá aplicar o percentual de 50% (cinquenta por cento) de adicional de horas extras. Ultrapassado o prazo de 180 (cento e oitenta) dias sem compensação ou pagamento o percentual de adicional de horas extras será de 90% (noventa por cento). Outros Adi…",2026-06-15,"Percentuais diferentes para dias úteis, sábados, domingos e feriados; Múltiplos valores identificados: 90.0, 50.0",,alta,revisar_conflito,marcar_conflito,marcar_conflito,,,,
REG-MG-SESCON-2025,MG,SESCON MG,Serviços Contábeis,2025,sobreaviso,,pendente_revisao,nao_identificado_pdf,,,2026-06-15,Cláusula de sobreaviso não localizada no PDF,,baixa,buscar_fonte,buscar_fonte,buscar_fonte,,,,
REG-MG-SESCON-2025,MG,SESCON MG,Serviços Contábeis,2025,jornada,,extraido_para_revisao,pdf_cct,PDF da CCT,"CLÁUSULA VIGÉSIMA - JORNADA DE TRABALHO A jornada de trabalho será estabelecida na legislação em vigor. Parágrafo Único: Para aqueles que trabalharem exclusivamente na função de digitação será respeitada a jornada de 6 (seis) horas diárias e 36 (trinta e seis) semanais, conforme Portaria nº3.751/90 do Ministério do Trabalho e Previdência Social. Compensação de Jornada",2026-06-15,Cláusula de jornada encontrada; carga horária requer revisão,,média,validar,validar,validar,,,,
REG-MG-SINTTEL-2025,MG,Sinttel MG,Telecomunicações,2025,piso_salarial,1518.0,conflito,pdf_cct,PDF da CCT,"CLÁUSULA TERCEIRA - PISO SALARIAL O piso salarial dos empregados sujeitos a jornada de trabalho de 180 horas, será de R$ 1.518,00 (mil, quinhentos e dezoito reais) partir de 01/05/2025. Parágrafo Primeiro: Será concedido um abono indenizatório no valor de R$ 424,00 (quatrocentos e vinte e quatro reais) para os trabalhadores com jornada de trabalho de 180 horas, a ser pago em parcela única em até 10 (dez) dias da formalização de aprovação da proposta em assembleia. Parágrafo Segundo: o Ficam isentas do pagamento do abono indenizatório as empresas que já reajustaram o valor do piso da categoria …",2026-06-15,"Múltiplos valores identificados: 1518.0, 424.0",,alta,revisar_conflito,marcar_conflito,marcar_conflito,1518.0,,,
REG-MG-SINTTEL-2025,MG,Sinttel MG,Telecomunicações,2025,adicional_noturno,,conflito,pdf_cct,PDF da CCT,"CLÁUSULA TRIGÉSIMA TERCEIRA - HORA NOTURNA O trabalho noturno será remunerado com acréscimo de 20% (vinte por cento), entendendo-se como tal, o trabalho realizado das 22:00 horas de um dia até as 5:00 horas do dia seguinte, computando-se, para tanto, a hora de trabalho a cada 52:30 minutos, nos termos do artigo 73 da CLT e Súmula 60 do TST, ou aplicação do percentual de 37,14% sobre a hora normal, como forma alternativa. PRORROGAÇÃO/REDUÇÃO DE JORNADA",2026-06-15,"Múltiplos valores identificados: 20.0, 37.14",,alta,revisar_conflito,marcar_conflito,marcar_conflito,,,,
REG-MG-SINTTEL-2025,MG,Sinttel MG,Telecomunicações,2025,auxilio_alimentacao,18.37,conflito,pdf_cct,PDF da CCT,"CLÁUSULA DÉCIMA PRIMEIRA - AUXÍLIO LANCHE / VALE REFEIÇÃO / CESTA BASICA As EMPRESAS fornecerão, mensalmente, aos TRABALHADORES que estiverem no exercício de suas atividades regulares, e para os dias efetivamente trabalhados, vales refeição ou alimentação, nos seguintes valores faciais: a) R$18,37 (dezoito reais e trinta e sete centavos) por dia efetivamente trabalhado, para TRABALHADORES contratados com jornada de 200/220 horas mensais, passando para R$18,74 (dezoito reais e setenta e quatro centavos) a partir de 01/05/2025, passando para R$19,10 (dezenove reais e dez centavos) a partir de 01…",2026-06-15,"Múltiplos valores identificados: 18.37, 18.74, 19.1, 9.91, 10.11, 10.31, 8.33, 8.5, 8.66, 6.71, 6.84, 6.98",,alta,revisar_conflito,marcar_conflito,marcar_conflito,18.37,,,
REG-MG-SINTTEL-2025,MG,Sinttel MG,Telecomunicações,2025,plr,,extraido_para_revisao,pdf_cct,PDF da CCT,"CLÁUSULA DÉCIMA - PROGRAMA DE PARTICIPAÇÃO NOS LUCROS E RESULTADOS As EMPRESAS iniciarão a negociação direta e individualmente com o SINTTEL MG, para pagamento da PLR/PPR, no prazo de 60 (sessenta) dias após a assinatura da presente CCT. Parágrafo Único: Para as empresas que não firmaram acordo específico de PPR/PLR 2024, será concedido aos trabalhadores elegíveis, até os níveis abaixo de diretores, superintendentes, gerentes e coordenadores/consultores, devendo ser respeitada a política interna e nomenclatura de cargo de cada empresa, conforme critérios definidos em política interna, particip…",2026-06-15,,,média,validar,validar,validar,,,,
REG-MG-SINTTEL-2025,MG,Sinttel MG,Telecomunicações,2025,hora_extra,,extraido_para_revisao,pdf_cct,PDF da CCT,"CLÁUSULA NONA - DAS HORAS EXTRAORDINÁRIAS As horas extraordinárias trabalhadas de segunda a sábado, serão remuneradas com o adicional de 50% (cinquenta por cento) sobre o valor da hora normal e na hipótese de ocorrer trabalho em dia de repouso, feriados ou domingos, a remuneração será acrescida do adicional de 100% (cem por cento), devendo as empresas manterem as condições mais vantajosas já existentes e aplicáveis aos contratos de trabalho. Parágrafo Primeiro: As horas extras habituais serão integradas para fins de cálculo de férias + 1/3, 13º salário, DSR’s e demais verbas de cunho salarial,…",2026-06-15,"Percentuais diferentes para dias úteis, sábados, domingos e feriados",,média,validar,validar,validar,,,,
REG-MG-SINTTEL-2025,MG,Sinttel MG,Telecomunicações,2025,sobreaviso,,pendente_revisao,nao_identificado_pdf,,,2026-06-15,Cláusula de sobreaviso não localizada no PDF,,baixa,buscar_fonte,buscar_fonte,buscar_fonte,,,,
REG-MG-SINTTEL-2025,MG,Sinttel MG,Telecomunicações,2025,jornada,36.0,extraido_para_revisao,pdf_cct,PDF da CCT,"CLÁUSULA TRIGÉSIMA SEGUNDA - JORNADA DE TRABALHO A duração da jornada de trabalho dos TRABALHADORES operadores em Telemarketing/Teleatendimento, será de 6 (seis) horas diárias e 36 (trinta e seis) horas semanais, nos termos do anexo II da NR 17. Parágrafo Primeiro: Os TRABALHADORES operadores de telemarketing/teleatendimento terão uma folga semanal que, no mínimo, uma vez por mês deverá ser concedida no domingo. Parágrafo Segundo: Com exceção dos empregados que laboram em jornada de 7 (sete) hora e 12 (doze) minutos, as partes dão-se por cientes de que está autorizado o trabalho aos domingos, …",2026-06-15,,"[""36h/semana""]",média,validar,validar,validar,36.0,,,
REG-MS-SPPD-2025,MS,SPPD MS,Processamento de Dados,2025,piso_salarial,1689.53,extraido_para_revisao,pdf_cct,PDF da CCT,"CLÁUSULA TERCEIRA - SALÁRIO NORMATIVO DA CATEGORIA PROFISSIONAL A título de Salário Normativo da categoria profissional, a partir de 1º de junho de 2.025, o salário dos empregados, abrangidos por esta convenção, não será inferior a R$ 1.689,53 (mil e seiscentos e oitenta e nove reais e cinquenta e três centavos) mensais; Parágrafo Primeiro: Fica assegurado ao Salário Normativo, de que trata a presente cláusula, a título de antecipação prevista no § primeiro da cláusula terceira, nunca será inferior ao salário mínimo vigente acrescido do percentual definido na Cláusula quarta; Parágrafo Segundo…",2026-06-15,,,média,validar,validar,validar,1689.53,,,
REG-MS-SPPD-2025,MS,SPPD MS,Processamento de Dados,2025,adicional_noturno,,extraido_para_revisao,pdf_cct,PDF da CCT,"CLÁUSULA NONA - ADICIONAL NOTURNO É considerado trabalho noturno aquele prestado no período havido entre às 22 (vinte e duas) horas de um dia até às 05 (cinco) horas do dia seguinte. Parágrafo Primeiro: Será pago, a título de Adicional Noturno, um percentual de 35% (trinta e cinco por cento) sobre a hora diurna em relação ao salário nominal do empregado. Parágrafo Segundo: Nos termos do §5º do artigo 73 da CLT considera-se jornada noturna o tempo que se estender após as 05h por se tratar de prorrogação. Parágrafo Terceiro: A prorrogação de que trata o parágrafo segundo não se aplica aos profis…",2026-06-15,,,média,validar,validar,validar,,,,
REG-MS-SPPD-2025,MS,SPPD MS,Processamento de Dados,2025,auxilio_alimentacao,,pendente_revisao,nao_identificado_pdf,,,2026-06-15,Cláusula de auxílio alimentação não localizada no PDF,,baixa,buscar_fonte,buscar_fonte,buscar_fonte,,,,
REG-MS-SPPD-2025,MS,SPPD MS,Processamento de Dados,2025,plr,,pendente_revisao,nao_identificado_pdf,,,2026-06-15,Cláusula de PLR não localizada no PDF,,baixa,buscar_fonte,buscar_fonte,buscar_fonte,,,,
REG-MS-SPPD-2025,MS,SPPD MS,Processamento de Dados,2025,hora_extra,,extraido_para_revisao,pdf_cct,PDF da CCT,"CLÁUSULA OITAVA - HORAS EXTRAORDINÁRIAS As horas extraordinárias pagas serão remuneradas com os seguintes acréscimos: a) as duas primeiras horas extraordinárias no dia: 60% (sessenta por cento) em relação a normal; b) as demais em dias normais: 80% (oitenta por cento) em relação a hora normal; c) as horas extraordinárias realizadas aos domingos e feriados sofrerão um acréscimo de 100% (cem por cento) em relação as normais; Parágrafo Primeiro: As horas extras serão sempre remuneradas pelos valores atualizados dos salários bem como, o Repouso Semanal Remunerado, será pago à razão de 1/6 (um sext…",2026-06-15,"Percentuais diferentes para dias úteis, sábados, domingos e feriados",,média,validar,validar,validar,,,,
REG-MS-SPPD-2025,MS,SPPD MS,Processamento de Dados,2025,sobreaviso,,pendente_revisao,nao_identificado_pdf,,,2026-06-15,Cláusula de sobreaviso não localizada no PDF,,baixa,buscar_fonte,buscar_fonte,buscar_fonte,,,,
REG-MS-SPPD-2025,MS,SPPD MS,Processamento de Dados,2025,jornada,,pendente_revisao,nao_identificado_pdf,,,2026-06-15,Cláusula de jornada de trabalho não localizada no PDF,,alta,buscar_fonte,buscar_fonte,buscar_fonte,,,,
,MT,Sindpd MT,Tecnologia da Informação,2025,piso_salarial,,pendente_revisao,nao_identificado_pdf,,,2026-06-15,Extração de PDF falhou: pdf_sem_texto. Extração de PDF falhou: erro_pdftotext. Extração de PDF falhou: pdf_sem_texto. Extração de PDF falhou: pdf_sem_texto. Extração de PDF falhou: pdf_sem_texto,,alta,buscar_fonte,buscar_fonte,buscar_fonte,,,,
,MT,Sindpd MT,Tecnologia da Informação,2025,adicional_noturno,,pendente_revisao,nao_identificado_pdf,,,2026-06-15,Extração de PDF falhou: pdf_sem_texto. Extração de PDF falhou: erro_pdftotext. Extração de PDF falhou: pdf_sem_texto. Extração de PDF falhou: pdf_sem_texto. Extração de PDF falhou: pdf_sem_texto,,alta,buscar_fonte,buscar_fonte,buscar_fonte,,,,
,MT,Sindpd MT,Tecnologia da Informação,2025,auxilio_alimentacao,,pendente_revisao,nao_identificado_pdf,,,2026-06-15,Extração de PDF falhou: pdf_sem_texto. Extração de PDF falhou: erro_pdftotext. Extração de PDF falhou: pdf_sem_texto. Extração de PDF falhou: pdf_sem_texto. Extração de PDF falhou: pdf_sem_texto,,baixa,buscar_fonte,buscar_fonte,buscar_fonte,,,,
,MT,Sindpd MT,Tecnologia da Informação,2025,plr,,pendente_revisao,nao_identificado_pdf,,,2026-06-15,Extração de PDF falhou: pdf_sem_texto. Extração de PDF falhou: erro_pdftotext. Extração de PDF falhou: pdf_sem_texto. Extração de PDF falhou: pdf_sem_texto. Extração de PDF falhou: pdf_sem_texto,,baixa,buscar_fonte,buscar_fonte,buscar_fonte,,,,
,MT,Sindpd MT,Tecnologia da Informação,2025,hora_extra,,pendente_revisao,nao_identificado_pdf,,,2026-06-15,Extração de PDF falhou: pdf_sem_texto. Extração de PDF falhou: erro_pdftotext. Extração de PDF falhou: pdf_sem_texto. Extração de PDF falhou: pdf_sem_texto. Extração de PDF falhou: pdf_sem_texto,,alta,buscar_fonte,buscar_fonte,buscar_fonte,,,,
,MT,Sindpd MT,Tecnologia da Informação,2025,sobreaviso,,pendente_revisao,nao_identificado_pdf,,,2026-06-15,Extração de PDF falhou: pdf_sem_texto. Extração de PDF falhou: erro_pdftotext. Extração de PDF falhou: pdf_sem_texto. Extração de PDF falhou: pdf_sem_texto. Extração de PDF falhou: pdf_sem_texto,,baixa,buscar_fonte,buscar_fonte,buscar_fonte,,,,
,MT,Sindpd MT,Tecnologia da Informação,2025,jornada,,pendente_revisao,nao_identificado_pdf,,,2026-06-15,Extração de PDF falhou: pdf_sem_texto. Extração de PDF falhou: erro_pdftotext. Extração de PDF falhou: pdf_sem_texto. Extração de PDF falhou: pdf_sem_texto. Extração de PDF falhou: pdf_sem_texto,,alta,buscar_fonte,buscar_fonte,buscar_fonte,,,,
REG-PA-SINDPD-2025,PA,Sindpd PA,Tecnologia da Informação,2025,piso_salarial,,pendente_revisao,nao_identificado_pdf,,,2026-06-15,Extração de PDF falhou: pdf_sem_texto. Extração de PDF falhou: erro_pdftotext. Extração de PDF falhou: pdf_sem_texto. Extração de PDF falhou: pdf_sem_texto. Extração de PDF falhou: pdf_sem_texto,,alta,buscar_fonte,buscar_fonte,buscar_fonte,,,,
REG-PA-SINDPD-2025,PA,Sindpd PA,Tecnologia da Informação,2025,adicional_noturno,,pendente_revisao,nao_identificado_pdf,,,2026-06-15,Extração de PDF falhou: pdf_sem_texto. Extração de PDF falhou: erro_pdftotext. Extração de PDF falhou: pdf_sem_texto. Extração de PDF falhou: pdf_sem_texto. Extração de PDF falhou: pdf_sem_texto,,alta,buscar_fonte,buscar_fonte,buscar_fonte,,,,
REG-PA-SINDPD-2025,PA,Sindpd PA,Tecnologia da Informação,2025,auxilio_alimentacao,,pendente_revisao,nao_identificado_pdf,,,2026-06-15,Extração de PDF falhou: pdf_sem_texto. Extração de PDF falhou: erro_pdftotext. Extração de PDF falhou: pdf_sem_texto. Extração de PDF falhou: pdf_sem_texto. Extração de PDF falhou: pdf_sem_texto,,baixa,buscar_fonte,buscar_fonte,buscar_fonte,,,,
REG-PA-SINDPD-2025,PA,Sindpd PA,Tecnologia da Informação,2025,plr,,pendente_revisao,nao_identificado_pdf,,,2026-06-15,Extração de PDF falhou: pdf_sem_texto. Extração de PDF falhou: erro_pdftotext. Extração de PDF falhou: pdf_sem_texto. Extração de PDF falhou: pdf_sem_texto. Extração de PDF falhou: pdf_sem_texto,,baixa,buscar_fonte,buscar_fonte,buscar_fonte,,,,
REG-PA-SINDPD-2025,PA,Sindpd PA,Tecnologia da Informação,2025,hora_extra,,pendente_revisao,nao_identificado_pdf,,,2026-06-15,Extração de PDF falhou: pdf_sem_texto. Extração de PDF falhou: erro_pdftotext. Extração de PDF falhou: pdf_sem_texto. Extração de PDF falhou: pdf_sem_texto. Extração de PDF falhou: pdf_sem_texto,,alta,buscar_fonte,buscar_fonte,buscar_fonte,,,,
REG-PA-SINDPD-2025,PA,Sindpd PA,Tecnologia da Informação,2025,sobreaviso,,pendente_revisao,nao_identificado_pdf,,,2026-06-15,Extração de PDF falhou: pdf_sem_texto. Extração de PDF falhou: erro_pdftotext. Extração de PDF falhou: pdf_sem_texto. Extração de PDF falhou: pdf_sem_texto. Extração de PDF falhou: pdf_sem_texto,,baixa,buscar_fonte,buscar_fonte,buscar_fonte,,,,
REG-PA-SINDPD-2025,PA,Sindpd PA,Tecnologia da Informação,2025,jornada,,pendente_revisao,nao_identificado_pdf,,,2026-06-15,Extração de PDF falhou: pdf_sem_texto. Extração de PDF falhou: erro_pdftotext. Extração de PDF falhou: pdf_sem_texto. Extração de PDF falhou: pdf_sem_texto. Extração de PDF falhou: pdf_sem_texto,,alta,buscar_fonte,buscar_fonte,buscar_fonte,,,,
REG-PB-SINDPD-2025,PB,Sindpd PB,Tecnologia da Informação,2025,piso_salarial,,pendente_revisao,nao_identificado_pdf,,,2026-06-15,Cláusula de piso salarial não localizada no PDF,,alta,buscar_fonte,buscar_fonte,buscar_fonte,,,,
REG-PB-SINDPD-2025,PB,Sindpd PB,Tecnologia da Informação,2025,adicional_noturno,,pendente_revisao,nao_identificado_pdf,,,2026-06-15,Cláusula de adicional noturno não localizada no PDF,,alta,buscar_fonte,buscar_fonte,buscar_fonte,,,,
REG-PB-SINDPD-2025,PB,Sindpd PB,Tecnologia da Informação,2025,auxilio_alimentacao,25.0,extraido_para_revisao,pdf_cct,PDF da CCT,"CLÁUSULA OITAVA - VALE ALIMENTAÇÃO As empresas fornecerão aos seus empregados o vale alimentação, no valor de R$ 25,00 (vinte e cinco reais), não integrando aos salários, em face da sua natureza indenizatória. Parágrafo Primeiro: Será fornecido um tíquete para cada dia efetivo de trabalho no mês da respectiva utilização. Caso sejam fornecidos tíquetes para os dias não trabalhados, estes serão descontados no mês subsequente. Parágrafo Segundo: É facultado as Empresas acordantes efetuarem descontos salariais relativos ao auxílio- alimentação referente à filiação ao P.A.T, até 10% (dez por cento)…",2026-06-15,,,média,validar,validar,validar,25.0,,,
REG-PB-SINDPD-2025,PB,Sindpd PB,Tecnologia da Informação,2025,plr,,extraido_para_revisao,pdf_cct,PDF da CCT,"CLÁUSULA SÉTIMA - PLR Os empregados das empresas poderão participar do Plano de Participação nos Lucros e nos Resultados de suas respectivas empresas, na forma que vier a ser estabelecida em Acordo Coletivo de Trabalho entre o SINDPD-PB e as mesmas. Auxílio Alimentação",2026-06-15,Cláusula de PLR encontrada; valor/regra específica requer revisão,,média,validar,validar,validar,,,,
REG-PB-SINDPD-2025,PB,Sindpd PB,Tecnologia da Informação,2025,hora_extra,,pendente_revisao,nao_identificado_pdf,,,2026-06-15,"Cláusula localizada, mas valor/percentual não pôde ser identificado automaticamente",,alta,buscar_fonte,buscar_fonte,buscar_fonte,,,,
REG-PB-SINDPD-2025,PB,Sindpd PB,Tecnologia da Informação,2025,sobreaviso,,pendente_revisao,nao_identificado_pdf,,,2026-06-15,Cláusula de sobreaviso não localizada no PDF,,baixa,buscar_fonte,buscar_fonte,buscar_fonte,,,,
REG-PB-SINDPD-2025,PB,Sindpd PB,Tecnologia da Informação,2025,jornada,30.0,extraido_para_revisao,pdf_cct,PDF da CCT,"CLÁUSULA DÉCIMA QUINTA - JORNADA DE TRABALHO A duração da jornada de trabalho do Digitador e do Help Desk, será de 30 (trinta) horas semanais e, dos demais trabalhadores serão de até 44 horas semanais. Parágrafo Primeiro: Fica ressalvada que as jornadas de menor número de horas semanais, que já vierem sendo adotadas pelas empresas, serão preservadas. Parágrafo Segundo: O trabalhador de Help Desk poderá, eventualmente, efetuar o atendimento direto no cliente, dentro de sua carga horária estabelecida, qual seja 30 horas semanais. Caso o labor ultrapasse a carga horária de 6 seis horas diárias ou…",2026-06-15,"Múltiplas jornadas identificadas: 30.0, 44.0h/sem; Horas diárias não calculadas: regime não identificável","[""30h/semana"", ""44h/semana""]",média,validar,validar,validar,30.0,,,
REG-PB-SINTTEL-2025,PB,Sinttel PB,Telecomunicações,2025,piso_salarial,1518.0,extraido_para_revisao,pdf_cct,PDF da CCT,"CLÁUSULA TERCEIRA - PISO SALARIAL O piso salarial, assim entendido como o menor salário pago pelas empresas, será de R$ 1.518,00 (Um Mil quinhentos e dezoito reais) mensais para os empregados contratados em jornada de trabalho de 36 (trinta e seis) horas semanais ou 180 (cento e oitenta) horas mensais, e de R: 1.794,08 (Um Mil, Setecentos e noventa e quatro reais e oito centavos) mensais para os empregados contratados em jornada de trabalho correspondente a 44 (quarenta e quatro) horas por semana ou a 220 (duzentos e vinte) horas mensais. REAJUSTES/CORREÇÕES SALARIAIS",2026-06-15,,,média,validar,validar,validar,1518.0,,,
REG-PB-SINTTEL-2025,PB,Sinttel PB,Telecomunicações,2025,adicional_noturno,,pendente_revisao,nao_identificado_pdf,,,2026-06-15,Cláusula de adicional noturno não localizada no PDF,,alta,buscar_fonte,buscar_fonte,buscar_fonte,,,,
REG-PB-SINTTEL-2025,PB,Sinttel PB,Telecomunicações,2025,auxilio_alimentacao,,pendente_revisao,nao_identificado_pdf,,,2026-06-15,Cláusula de auxílio alimentação não localizada no PDF,,baixa,buscar_fonte,buscar_fonte,buscar_fonte,,,,
REG-PB-SINTTEL-2025,PB,Sinttel PB,Telecomunicações,2025,plr,,pendente_revisao,nao_identificado_pdf,,,2026-06-15,Cláusula de PLR não localizada no PDF,,baixa,buscar_fonte,buscar_fonte,buscar_fonte,,,,
REG-PB-SINTTEL-2025,PB,Sinttel PB,Telecomunicações,2025,hora_extra,,pendente_revisao,nao_identificado_pdf,,,2026-06-15,"Cláusula localizada, mas valor/percentual não pôde ser identificado automaticamente",,alta,buscar_fonte,buscar_fonte,buscar_fonte,,,,
REG-PB-SINTTEL-2025,PB,Sinttel PB,Telecomunicações,2025,sobreaviso,,pendente_revisao,nao_identificado_pdf,,,2026-06-15,Cláusula de sobreaviso não localizada no PDF,,baixa,buscar_fonte,buscar_fonte,buscar_fonte,,,,
REG-PB-SINTTEL-2025,PB,Sinttel PB,Telecomunicações,2025,jornada,44.0,extraido_para_revisao,pdf_cct,PDF da CCT,"CLÁUSULA VIGÉSIMA - JORNADA DE TRABALHO/ PAUSAS Parágrafo primeiro - Fica garantida a jornada de trabalho 36h00min (trinta e seis horas) semanal para empregados que exercem as funções de atendente, operador, técnicos e analistas, em conformidade com a NR 17 em seu anexo II, da portaria 3214/78 do Ministério do Trabalho e Emprego e Art. 229 da CLT. Parágrafo segundo – De acordo com a NR 17 em seu anexo II, 5.7, “com o fim de permitir a satisfação das necessidades fisiológicas, as empresas devem permitir que os operadores saiam de seus postos de trabalho a qualquer momento da jornada, sem reperc…",2026-06-15,"Múltiplas jornadas identificadas: 44.0, 40.0h/sem; Horas diárias não calculadas: regime não identificável","[""44h/semana"", ""40h/semana""]",média,validar,validar,validar,44.0,,,
REG-PE-SINDPD-2025,PE,Sindpd PE,Tecnologia da Informação,2025,piso_salarial,1602.0,extraido_para_revisao,pdf_cct,PDF da CCT,"CLÁUSULA TERCEIRA - DOS PISOS SALARIAIS Ficam estabelecidos pisos salariais a vigorarem a partir de 1º de setembro de 2025, durante o prazo de vigência desta Convenção Coletiva, ALÍNEA DESCRIÇÃO REMUNERAÇÃO R$ 1.602,00 (hum mil e seiscentos e a Contínuos, copeiros, vigia e assemelhados dois reais) R$ 1.602,00 (hum mil e seiscentos e b Demais empregados na área administrativa dois reais) Digitadores e/ou operadores de equipamento de entrada e transmissão de dados; operadores e/ou técnicos de operação e R$ 1.918,00 (hum mil e novecentos e c monitoração de computadores; auxiliares, assistentes e/…",2026-06-15,,,média,validar,validar,validar,1602.0,,,
REG-PE-SINDPD-2025,PE,Sindpd PE,Tecnologia da Informação,2025,adicional_noturno,,pendente_revisao,nao_identificado_pdf,,,2026-06-15,Cláusula de adicional noturno não localizada no PDF,,alta,buscar_fonte,buscar_fonte,buscar_fonte,,,,
REG-PE-SINDPD-2025,PE,Sindpd PE,Tecnologia da Informação,2025,auxilio_alimentacao,,pendente_revisao,nao_identificado_pdf,,,2026-06-15,Cláusula de auxílio alimentação não localizada no PDF,,baixa,buscar_fonte,buscar_fonte,buscar_fonte,,,,
REG-PE-SINDPD-2025,PE,Sindpd PE,Tecnologia da Informação,2025,plr,,extraido_para_revisao,pdf_cct,PDF da CCT,"CLÁUSULA DÉCIMA QUARTA - PARTICIPAÇÃO NOS LUCROS E RESULTADOS As empresas poderão fixar, em aditamento a presente Convenção, os critérios relativos à Participação nos Lucros e Resultados, a se empregados, de forma a cumprir o disposto no art. 7º, inciso XI, da Constituição Federal e a Lei nº 10.101, de 30/11/2000, a ser instituído trabalho ou comissão formada pelos próprios empregados e empresários, com a participação de representante do sindicato laboral, que dev ser convidado a integrar a mesma, pelo menos 15 (quinze) dias antes da primeira reunião, sob pena de nulidade de todo o processo, o…",2026-06-15,Cláusula de PLR encontrada; valor/regra específica requer revisão,,média,validar,validar,validar,,,,
REG-PE-SINDPD-2025,PE,Sindpd PE,Tecnologia da Informação,2025,hora_extra,,pendente_revisao,nao_identificado_pdf,,,2026-06-15,"Cláusula localizada, mas valor/percentual não pôde ser identificado automaticamente",,alta,buscar_fonte,buscar_fonte,buscar_fonte,,,,
REG-PE-SINDPD-2025,PE,Sindpd PE,Tecnologia da Informação,2025,sobreaviso,,pendente_revisao,nao_identificado_pdf,,,2026-06-15,Cláusula de sobreaviso não localizada no PDF,,baixa,buscar_fonte,buscar_fonte,buscar_fonte,,,,
REG-PE-SINDPD-2025,PE,Sindpd PE,Tecnologia da Informação,2025,jornada,40.0,extraido_para_revisao,pdf_cct,PDF da CCT,"CLÁUSULA QUADRAGÉSIMA TERCEIRA - JORNADA DE TRABALHO Fica ajustado que as jornadas normais de trabalho dos empregados em processamento de dados serão: a) Digitadores e/ou operador de equipamento de entrada e transmissão de dados, operadores e/ou técnicos de operação e monitoraçã mainframe etc.) e auxiliares e/ou assistentes de informática ou de tecnologia da informação, quando do desempenho de atividades semel e/ou operador de equipamento de entrada e transmissão de dados e operadores e/ou técnicos de operação e monitoração (microcomputado (trinta) horas semanais; b) Demais empregados, inclusi…",2026-06-15,Horas diárias não calculadas: regime não identificável,"[""40h/semana""]",média,validar,validar,validar,40.0,,,
REG-PI-SINDPD-2025,PI,Sindpd PI,Tecnologia da Informação,2025,piso_salarial,,pendente_revisao,nao_identificado_pdf,,,2026-06-15,Extração de PDF falhou: pdf_sem_texto. Extração de PDF falhou: erro_pdftotext. Extração de PDF falhou: pdf_sem_texto. Extração de PDF falhou: pdf_sem_texto. Extração de PDF falhou: pdf_sem_texto,,alta,buscar_fonte,buscar_fonte,buscar_fonte,,,,
REG-PI-SINDPD-2025,PI,Sindpd PI,Tecnologia da Informação,2025,adicional_noturno,,pendente_revisao,nao_identificado_pdf,,,2026-06-15,Extração de PDF falhou: pdf_sem_texto. Extração de PDF falhou: erro_pdftotext. Extração de PDF falhou: pdf_sem_texto. Extração de PDF falhou: pdf_sem_texto. Extração de PDF falhou: pdf_sem_texto,,alta,buscar_fonte,buscar_fonte,buscar_fonte,,,,
REG-PI-SINDPD-2025,PI,Sindpd PI,Tecnologia da Informação,2025,auxilio_alimentacao,,pendente_revisao,nao_identificado_pdf,,,2026-06-15,Extração de PDF falhou: pdf_sem_texto. Extração de PDF falhou: erro_pdftotext. Extração de PDF falhou: pdf_sem_texto. Extração de PDF falhou: pdf_sem_texto. Extração de PDF falhou: pdf_sem_texto,,baixa,buscar_fonte,buscar_fonte,buscar_fonte,,,,
REG-PI-SINDPD-2025,PI,Sindpd PI,Tecnologia da Informação,2025,plr,,pendente_revisao,nao_identificado_pdf,,,2026-06-15,Extração de PDF falhou: pdf_sem_texto. Extração de PDF falhou: erro_pdftotext. Extração de PDF falhou: pdf_sem_texto. Extração de PDF falhou: pdf_sem_texto. Extração de PDF falhou: pdf_sem_texto,,baixa,buscar_fonte,buscar_fonte,buscar_fonte,,,,
REG-PI-SINDPD-2025,PI,Sindpd PI,Tecnologia da Informação,2025,hora_extra,,pendente_revisao,nao_identificado_pdf,,,2026-06-15,Extração de PDF falhou: pdf_sem_texto. Extração de PDF falhou: erro_pdftotext. Extração de PDF falhou: pdf_sem_texto. Extração de PDF falhou: pdf_sem_texto. Extração de PDF falhou: pdf_sem_texto,,alta,buscar_fonte,buscar_fonte,buscar_fonte,,,,
REG-PI-SINDPD-2025,PI,Sindpd PI,Tecnologia da Informação,2025,sobreaviso,,pendente_revisao,nao_identificado_pdf,,,2026-06-15,Extração de PDF falhou: pdf_sem_texto. Extração de PDF falhou: erro_pdftotext. Extração de PDF falhou: pdf_sem_texto. Extração de PDF falhou: pdf_sem_texto. Extração de PDF falhou: pdf_sem_texto,,baixa,buscar_fonte,buscar_fonte,buscar_fonte,,,,
REG-PI-SINDPD-2025,PI,Sindpd PI,Tecnologia da Informação,2025,jornada,,pendente_revisao,nao_identificado_pdf,,,2026-06-15,Extração de PDF falhou: pdf_sem_texto. Extração de PDF falhou: erro_pdftotext. Extração de PDF falhou: pdf_sem_texto. Extração de PDF falhou: pdf_sem_texto. Extração de PDF falhou: pdf_sem_texto,,alta,buscar_fonte,buscar_fonte,buscar_fonte,,,,
REG-PR-SINDASPP-2025,PR,Sindaspp PR,Processamento de Dados,2025,piso_salarial,,pendente_revisao,nao_identificado_pdf,,,2026-06-15,Extração de PDF falhou: pdf_sem_texto. Extração de PDF falhou: erro_pdftotext. Extração de PDF falhou: pdf_sem_texto. Extração de PDF falhou: pdf_sem_texto. Extração de PDF falhou: pdf_sem_texto,,alta,buscar_fonte,buscar_fonte,buscar_fonte,,,,
REG-PR-SINDASPP-2025,PR,Sindaspp PR,Processamento de Dados,2025,adicional_noturno,,pendente_revisao,nao_identificado_pdf,,,2026-06-15,Extração de PDF falhou: pdf_sem_texto. Extração de PDF falhou: erro_pdftotext. Extração de PDF falhou: pdf_sem_texto. Extração de PDF falhou: pdf_sem_texto. Extração de PDF falhou: pdf_sem_texto,,alta,buscar_fonte,buscar_fonte,buscar_fonte,,,,
REG-PR-SINDASPP-2025,PR,Sindaspp PR,Processamento de Dados,2025,auxilio_alimentacao,,pendente_revisao,nao_identificado_pdf,,,2026-06-15,Extração de PDF falhou: pdf_sem_texto. Extração de PDF falhou: erro_pdftotext. Extração de PDF falhou: pdf_sem_texto. Extração de PDF falhou: pdf_sem_texto. Extração de PDF falhou: pdf_sem_texto,,baixa,buscar_fonte,buscar_fonte,buscar_fonte,,,,
REG-PR-SINDASPP-2025,PR,Sindaspp PR,Processamento de Dados,2025,plr,,pendente_revisao,nao_identificado_pdf,,,2026-06-15,Extração de PDF falhou: pdf_sem_texto. Extração de PDF falhou: erro_pdftotext. Extração de PDF falhou: pdf_sem_texto. Extração de PDF falhou: pdf_sem_texto. Extração de PDF falhou: pdf_sem_texto,,baixa,buscar_fonte,buscar_fonte,buscar_fonte,,,,
REG-PR-SINDASPP-2025,PR,Sindaspp PR,Processamento de Dados,2025,hora_extra,,pendente_revisao,nao_identificado_pdf,,,2026-06-15,Extração de PDF falhou: pdf_sem_texto. Extração de PDF falhou: erro_pdftotext. Extração de PDF falhou: pdf_sem_texto. Extração de PDF falhou: pdf_sem_texto. Extração de PDF falhou: pdf_sem_texto,,alta,buscar_fonte,buscar_fonte,buscar_fonte,,,,
REG-PR-SINDASPP-2025,PR,Sindaspp PR,Processamento de Dados,2025,sobreaviso,,pendente_revisao,nao_identificado_pdf,,,2026-06-15,Extração de PDF falhou: pdf_sem_texto. Extração de PDF falhou: erro_pdftotext. Extração de PDF falhou: pdf_sem_texto. Extração de PDF falhou: pdf_sem_texto. Extração de PDF falhou: pdf_sem_texto,,baixa,buscar_fonte,buscar_fonte,buscar_fonte,,,,
REG-PR-SINDASPP-2025,PR,Sindaspp PR,Processamento de Dados,2025,jornada,,pendente_revisao,nao_identificado_pdf,,,2026-06-15,Extração de PDF falhou: pdf_sem_texto. Extração de PDF falhou: erro_pdftotext. Extração de PDF falhou: pdf_sem_texto. Extração de PDF falhou: pdf_sem_texto. Extração de PDF falhou: pdf_sem_texto,,alta,buscar_fonte,buscar_fonte,buscar_fonte,,,,
REG-PR-SINTIPAR-2025,PR,Sintipar PR,Tecnologia da Informação,2025,piso_salarial,1373.44,extraido_para_revisao,pdf_cct,PDF da CCT,"CLÁUSULA TERCEIRA - PISO SALARIAL Fica assegurado para os empregados abrangidos por este Acordo Coletivo de Trabalho, o piso salarial de R$ 1.373,44 (Hum mil trezentos e setenta e três reais e quarenta e quatro centavos) para jornada de 6h e o piso salarial de R$ 1.675,29 (Hum mil seiscentos e setenta e cinco reais e vinte e nove centavos) para jornada de 8h. Para casos de proporcionalidade, será considerado o piso salarial da jornada de 8h. REAJUSTES/CORREÇÕES SALARIAIS",2026-06-15,,,média,validar,validar,validar,1373.44,,,
REG-PR-SINTIPAR-2025,PR,Sintipar PR,Tecnologia da Informação,2025,adicional_noturno,,extraido_para_revisao,pdf_cct,PDF da CCT,"CLÁUSULA SEXTA - ADICIONAL NOTURNO O adicional noturno, devido a quem laborar neste horário, será de 30% (trinta por cento). AUXÍLIO ALIMENTAÇÃO",2026-06-15,,,média,validar,validar,validar,,,,
REG-PR-SINTIPAR-2025,PR,Sintipar PR,Tecnologia da Informação,2025,auxilio_alimentacao,,pendente_revisao,nao_identificado_pdf,,,2026-06-15,Cláusula de auxílio alimentação não localizada no PDF,,baixa,buscar_fonte,buscar_fonte,buscar_fonte,,,,
REG-PR-SINTIPAR-2025,PR,Sintipar PR,Tecnologia da Informação,2025,plr,,pendente_revisao,nao_identificado_pdf,,,2026-06-15,Cláusula de PLR não localizada no PDF,,baixa,buscar_fonte,buscar_fonte,buscar_fonte,,,,
REG-PR-SINTIPAR-2025,PR,Sintipar PR,Tecnologia da Informação,2025,hora_extra,,pendente_revisao,nao_identificado_pdf,,,2026-06-15,Cláusula de hora extra não localizada no PDF,,alta,buscar_fonte,buscar_fonte,buscar_fonte,,,,
REG-PR-SINTIPAR-2025,PR,Sintipar PR,Tecnologia da Informação,2025,sobreaviso,,extraido_para_revisao,pdf_cct,PDF da CCT,"CLÁUSULA VIGÉSIMA OITAVA - PLANTÃO DE SOBREAVISO Somente aos empregados que ficarem à disposição da Empresa, nos períodos fora da jornada normal de trabalho, será assegurado o pagamento de 1/3 (um terço) do salário normal, nos termos da Súmula 229 do TST. RELAÇÕES SINDICAIS CONTRIBUIÇÕES SINDICAIS",2026-06-15,,,média,validar,validar,validar,,,,
REG-PR-SINTIPAR-2025,PR,Sintipar PR,Tecnologia da Informação,2025,jornada,40.0,extraido_para_revisao,pdf_cct,PDF da CCT,"CLÁUSULA VIGÉSIMA PRIMEIRA - JORNADA DE TRABALHO A jornada de trabalho para os trabalhadores será de 40 (quarenta) horas semanais, as quais deverão ser executadas em 8 (oito) horas diárias de segunda a sexta. Parágrafo Único - Para o caso de horas excedentes às 40 horas semanais, poderão as mesmas serem compensadas mediante celebração de Acordo de Banco de Horas. PRORROGAÇÃO/REDUÇÃO DE JORNADA",2026-06-15,Horas diárias não calculadas: regime não identificável,"[""40h/semana""]",média,validar,validar,validar,40.0,,,
REG-PR-SINTTEL-2025,PR,Sinttel PR,Telecomunicações,2025,piso_salarial,1518.0,extraido_para_revisao,pdf_cct,PDF da CCT,"CLÁUSULA TERCEIRA - SALÁRIO NORMATIVO E CONDIÇÕES SALARIAIS O piso salarial dos empregados sujeitos a jornada de trabalho de 180 horas, será de R$1.518,00 (mil, quinhentos e dezoito reais)a partir do dia 1º de janeiro de 2025. Para as demais atividades cuja jornada seja de 44 (quarenta e quatro) horas semanais, e 220 horas mensais, o piso mínimo será de R$1.590,40 (mil, quinhentos e noventa reais e quarenta centavos) a partir de 1º de janeiro de 2025. PARÁGRAFO PRIMEIRO: As empresas que não concederam o reajuste em janeiro, poderão pagar o retroativo até a folha de pagamentos de abril/2025. PA…",2026-06-15,,,média,validar,validar,validar,1518.0,,,
REG-PR-SINTTEL-2025,PR,Sinttel PR,Telecomunicações,2025,adicional_noturno,,extraido_para_revisao,pdf_cct,PDF da CCT,"CLÁUSULA DÉCIMA - ADICIONAL NOTURNO O adicional noturno será remunerado com o acréscimo de 20% (vinte por cento) sobre o valor da hora de trabalho, entre as 22h00min e 5h00min da manhã, considerando-se a hora noturna com duração de 52 minutos e 30 segundos. COMISSÕES",2026-06-15,,,média,validar,validar,validar,,,,
REG-PR-SINTTEL-2025,PR,Sinttel PR,Telecomunicações,2025,auxilio_alimentacao,11.4,extraido_para_revisao,pdf_cct,PDF da CCT,"CLÁUSULA DÉCIMA SEGUNDA - AUXÍLIO REFEIÇÃO As empresas fornecerão aos trabalhadores que estiverem no exercício de suas atividades regulares, e para os dias efetivamente trabalhados vale-refeição ou alimentação por mês, nos seguintes valores faciais: a) As empresas fornecerão, a partir de 01 de janeiro de 2025, o mencionado benefício com valor facial mínimo R$11,40 (onze reais e quarenta centavos), passando para R$11,67 (onze reais e sessenta e sete centavos) a partir de 01 de maio de 2025, passando para R$11,94 (onze reais e noventa e quatro centavos) a partir de 01 de outubro de 2025, para os…",2026-06-15,,,média,validar,validar,validar,11.4,,,
REG-PR-SINTTEL-2025,PR,Sinttel PR,Telecomunicações,2025,plr,,pendente_revisao,nao_identificado_pdf,,,2026-06-15,Cláusula de PLR não localizada no PDF,,baixa,buscar_fonte,buscar_fonte,buscar_fonte,,,,
REG-PR-SINTTEL-2025,PR,Sinttel PR,Telecomunicações,2025,hora_extra,,extraido_para_revisao,pdf_cct,PDF da CCT,"CLÁUSULA NONA - HORAS EXTRAS As horas extras serão remuneradas com o acréscimo de 50% (cinquenta por cento) sobre o valor da hora normal. As horas extras prestadas em dias de repouso, feriados ou dias já compensados, desde que o respectivo descanso não seja concedido em outros dias, serão pagas em dobro, além da remuneração desses dias, já incluídas no salário. ADICIONAL NOTURNO",2026-06-15,,,média,validar,validar,validar,,,,
REG-PR-SINTTEL-2025,PR,Sinttel PR,Telecomunicações,2025,sobreaviso,,pendente_revisao,nao_identificado_pdf,,,2026-06-15,Cláusula de sobreaviso não localizada no PDF,,baixa,buscar_fonte,buscar_fonte,buscar_fonte,,,,
REG-PR-SINTTEL-2025,PR,Sinttel PR,Telecomunicações,2025,jornada,36.0,extraido_para_revisao,pdf_cct,PDF da CCT,"CLÁUSULA VIGÉSIMA PRIMEIRA - JORNADA DE TRABALHO A duração da jornada diária efetiva de trabalho dos trabalhadores de operadores de mesas telefônicas e telefonistas em geral, trabalhadores em postos de serviços de telefonia, televendas, disk serviços, tele recados, tele chamadas, tele cobrança via tele atendimento e call centers, telemarketing receptivos e ativos, oferecem serviços e produtos, realizam pesquisas, fazem serviços de cobranças e cadastramento de clientes, sempre via tele atendimento, seguindo roteiros e scripts planejados e controlados para captar, reter ou recuperar clientes seg…",2026-06-15,"Múltiplas jornadas identificadas: 36.0, 20.0h/sem","[""36h/semana"", ""20h/semana""]",média,validar,validar,validar,36.0,,,
REG-RJ-SINDITOB-2025,RJ,Sindtob RJ,Telecomunicações,2025,piso_salarial,,pendente_revisao,nao_identificado_pdf,,,2026-06-15,Cláusula de piso salarial não localizada no PDF,,alta,buscar_fonte,buscar_fonte,buscar_fonte,,,,
REG-RJ-SINDITOB-2025,RJ,Sindtob RJ,Telecomunicações,2025,adicional_noturno,,pendente_revisao,nao_identificado_pdf,,,2026-06-15,Cláusula de adicional noturno não localizada no PDF,,alta,buscar_fonte,buscar_fonte,buscar_fonte,,,,
REG-RJ-SINDITOB-2025,RJ,Sindtob RJ,Telecomunicações,2025,auxilio_alimentacao,,pendente_revisao,nao_identificado_pdf,,,2026-06-15,Cláusula de auxílio alimentação não localizada no PDF,,baixa,buscar_fonte,buscar_fonte,buscar_fonte,,,,
REG-RJ-SINDITOB-2025,RJ,Sindtob RJ,Telecomunicações,2025,plr,,pendente_revisao,nao_identificado_pdf,,,2026-06-15,Cláusula de PLR não localizada no PDF,,baixa,buscar_fonte,buscar_fonte,buscar_fonte,,,,
REG-RJ-SINDITOB-2025,RJ,Sindtob RJ,Telecomunicações,2025,hora_extra,,pendente_revisao,nao_identificado_pdf,,,2026-06-15,Cláusula de hora extra não localizada no PDF,,alta,buscar_fonte,buscar_fonte,buscar_fonte,,,,
REG-RJ-SINDITOB-2025,RJ,Sindtob RJ,Telecomunicações,2025,sobreaviso,,pendente_revisao,nao_identificado_pdf,,,2026-06-15,Cláusula de sobreaviso não localizada no PDF,,baixa,buscar_fonte,buscar_fonte,buscar_fonte,,,,
REG-RJ-SINDITOB-2025,RJ,Sindtob RJ,Telecomunicações,2025,jornada,44.0,extraido_para_revisao,pdf_cct,PDF da CCT,"CLÁUSULA SÉTIMA - JORNADA DE TRABALHO Jornada de Trabalho, Duração e Horário §1- O regime de trabalho dos empregados offshore observará a jornada de 12 horas de trabalho por 12 horas de descanso, na forma da Lei 5.811/72, sendo 14 dias trabalhados por igual período de folga. I- A jornada de trabalho do empregado em embarque eventual e regime misto de trabalho, quando embarcado, será de 12 horas, conforme previsto no parágrafo primeiro desta Cláusula. Jornada Especial e Compensação (4x4) §2- A empresa poderá praticar a jornada de 11 horas diárias de trabalho efetivo, em turno ininterrupto de re…",2026-06-15,Horas diárias não calculadas: regime não identificável,"[""44h/semana""]",média,validar,validar,validar,44.0,,,
REG-RJ-SINTTEL-2025,RJ,Sinttel RJ,Telecomunicações,2025,piso_salarial,1518.0,conflito,pdf_cct,PDF da CCT,"CLÁUSULA TERCEIRA - PISO SALARIAL O piso salarial dos empregados sujeitos a jornada de trabalho de 180 horas, será de R$1.518,00 (mil, quinhentos e dezoito reais) a partir de 01/05/2025. Parágrafo Primeiro: Para jornadas de trabalho inferiores a 180 horas o salário poderá ser proporcional ao piso acima definido. Parágrafo Segundo: O piso salarial mínimo para os empregados das empresas participantes de licitação perante os órgãos estabelecidos na Lei 14.133/2021 (administração direta, os fundos especiais, as autarquias, as fundações públicas, as empresas públicas, as sociedades de economia mist…",2026-06-15,"Múltiplos valores identificados: 1518.0, 424.0, 353.0",,alta,revisar_conflito,marcar_conflito,marcar_conflito,1518.0,,,
REG-RJ-SINTTEL-2025,RJ,Sinttel RJ,Telecomunicações,2025,adicional_noturno,,extraido_para_revisao,pdf_cct,PDF da CCT,"CLÁUSULA NONA - HORA NOTURNA O trabalho realizado em horário noturno terá a sua hora remunerada com acréscimo de 20% (vinte por cento), entendendo-se como tal, o trabalho realizado das 22:00 horas de um dia até as 5hs00min do dia seguinte, computando-se, para tanto, a hora de trabalho a cada 52:30 minutos, nos termos do artigo 73 da CLT, ou aplicação do percentual de 37,14% (trinta e sete vírgula quatorze por cento) sobre a hora normal, como forma alternativa, apenas para fins de incidência do aludido adicional. Parágrafo Primeiro: O adicional noturno será também devido quando houver a prorrog…",2026-06-15,,,média,validar,validar,validar,,,,
REG-RJ-SINTTEL-2025,RJ,Sinttel RJ,Telecomunicações,2025,auxilio_alimentacao,9.99,conflito,pdf_cct,PDF da CCT,"CLÁUSULA DÉCIMA PRIMEIRA - VALE REFEIÇAO / VALE ALIMENTAÇÃO As empresas fornecerão aos empregados, vale refeição/vale alimentação e reajustarão os valores praticados em 31/12/2024 em 4% (quatro por cento), sendo 2% (dois por cento) em maio/2025, sobre os valores praticados em 31/12/2024 e 2% (dois por cento) em outubro/2025, sobre os valores praticados em 31/12/2024. Parágrafo Primeiro: Respeitado o valor estipulado na CCT/2024, bem como o praticado atualmente pelas empresas, para os empregados com jornada de 180 horas/mês, ou seja, superior a 4 (quatro) e até 6 (seis) horas diárias, o vale-re…",2026-06-15,"Múltiplos valores identificados: 9.99, 10.19, 10.39, 12.8, 13.06, 13.31, 20.73, 21.14, 21.56",,alta,revisar_conflito,marcar_conflito,marcar_conflito,9.99,,,
REG-RJ-SINTTEL-2025,RJ,Sinttel RJ,Telecomunicações,2025,plr,,extraido_para_revisao,pdf_cct,PDF da CCT,"CLÁUSULA DÉCIMA - PROGRAMA DE PARTICIPAÇÃO NOS LUCROS OU RESULTADOS As empresas iniciarão a negociação do PPR/PLR/2025 com o SINTTEL-RJ em até de 60 (sessenta) dias após a assinatura da presente Convenção Coletiva de Trabalho. Parágrafo Primeiro: Para as empresas que não firmaram acordo específico de PPR/PLR 2024, será devido aos empregados elegíveis, participação nos lucros ou resultados de 10% (dez por cento) do salário base referência 31/12/2024, proporcional ao tempo de trabalho, devendo ser pago em até 20 (vinte) dias da aprovação deste instrumento em assembleia, para os empregados até os…",2026-06-15,,,média,validar,validar,validar,,,,
REG-RJ-SINTTEL-2025,RJ,Sinttel RJ,Telecomunicações,2025,hora_extra,,extraido_para_revisao,pdf_cct,PDF da CCT,"CLÁUSULA OITAVA - DAS HORAS EXTRAORDINARIAS As horas extras semanais, serão remuneradas com o adicional de 50% (cinquenta por cento) e as horas extras realizadas nas folgas, domingos e feriados, exceto na hipótese de escala de revezamento quando pagas, serão remuneradas com o adicional de 100% (cem por cento). Parágrafo Único: As horas extras habituais serão integradas para fins de cálculo de férias, 13º salário, DSR’s e demais verbas de cunho salarial, sendo que para o cálculo das férias, 13º salário e demais verbas de cunho salarial, será considerada a média percebida nos últimos 12 (doze) m…",2026-06-15,"Percentuais diferentes para dias úteis, sábados, domingos e feriados",,média,validar,validar,validar,,,,
REG-RJ-SINTTEL-2025,RJ,Sinttel RJ,Telecomunicações,2025,sobreaviso,,pendente_revisao,nao_identificado_pdf,,,2026-06-15,Cláusula de sobreaviso não localizada no PDF,,baixa,buscar_fonte,buscar_fonte,buscar_fonte,,,,
REG-RJ-SINTTEL-2025,RJ,Sinttel RJ,Telecomunicações,2025,jornada,36.0,extraido_para_revisao,pdf_cct,PDF da CCT,"CLÁUSULA VIGÉSIMA TERCEIRA - JORNADA DE TRABALHO As jornadas de trabalho de empregados integrantes de categorias profissionais diferenciadas e regulamentadas serão fixadas, conforme previsto em legislação específica: a) ANEXO II da NR-17: Operadores de Teleatendimento ou Telemarketing, jornada máxima de 6 (seis) horas diárias ou 36 (trinta e seis) horas semanais, com intervalo de 20 (vinte) minutos para alimentação, 2(duas) pausas de 10 (dez) minutos para descanso, sem prejuízo das demais pausas previstas. b) Decreto 5598/2005, art. 18: Aprendizes jornada máxima de 6 (seis) horas diárias ou, a…",2026-06-15,"Múltiplas jornadas identificadas: 36.0, 44.0h/sem; Horas diárias não calculadas: regime não identificável","[""36h/semana"", ""44h/semana""]",média,validar,validar,validar,36.0,,,
REG-RN-SINDPD-2025,RN,Sindpd RN,Tecnologia da Informação,2025,piso_salarial,16.86,extraido_para_revisao,pdf_cct,PDF da CCT,"CLÁUSULA TERCEIRA - DOS PISOS SALARIAIS E REAJUSTE SALARIAL As empresas reajustarão, a partir de 01 de janeiro de 2025, a remuneração integral a todos os seus empregados, inclusive daqueles que estão acima do piso, o valor correspondente a 5,5% (cinco ponto cinco por cento), reajuste salarial de toda a categoria profissional e do constate desta cláusula, estendido também aos assemelhados. Excetuando-se exigências legais, que, proporcionar um maior índice de correção em favor dos empregados. Funções PISO 2025 Digitador R$ 2.016,69 Conferente R$ 2.016,69 Classificador de Documentos R$ 2.016,69 A…",2026-06-15,,,média,validar,validar,validar,16.86,,,
REG-RN-SINDPD-2025,RN,Sindpd RN,Tecnologia da Informação,2025,adicional_noturno,,pendente_revisao,nao_identificado_pdf,,,2026-06-15,Cláusula de adicional noturno não localizada no PDF,,alta,buscar_fonte,buscar_fonte,buscar_fonte,,,,
REG-RN-SINDPD-2025,RN,Sindpd RN,Tecnologia da Informação,2025,auxilio_alimentacao,25.0,extraido_para_revisao,pdf_cct,PDF da CCT,"CLÁUSULA DÉCIMA PRIMEIRA - DO AUXÍLIO REFEIÇÃO A fim de suprir partes das necessidades nutricionais de seus trabalhadores, a partir de 1º de Janeiro de 2025, as empresas concederão a todos os seus empregados “VALE ALIMENTAÇÂO” proporcionais à jornada contratual de trabalho no valor de R$ 25,00 (vinte e cinco reais) diário, até o dia 5º (quinto) do mês subsequente. Parágrafo Primeiro - O benefício do vale alimentação será devido para os dias efetivamente trabalhados. Parágrafo Segundo - O valor previsto no caput não integra o salário para qualquer fim de direito, não tendo natureza salarial con…",2026-06-15,,,média,validar,validar,validar,25.0,,,
REG-RN-SINDPD-2025,RN,Sindpd RN,Tecnologia da Informação,2025,plr,,pendente_revisao,nao_identificado_pdf,,,2026-06-15,Cláusula de PLR não localizada no PDF,,baixa,buscar_fonte,buscar_fonte,buscar_fonte,,,,
REG-RN-SINDPD-2025,RN,Sindpd RN,Tecnologia da Informação,2025,hora_extra,,extraido_para_revisao,pdf_cct,PDF da CCT,"CLÁUSULA VIGÉSIMA QUINTA - DAS HORAS EXTRAS As horas extras excedentes laboradas em dias úteis serão acrescidas de 50% (cinquenta por cento) do valor da hora normal, e as horas extras laboradas em dias não úteis serão acrescidas de 100% (cem por cento) em relação ao valor da hora normal.",2026-06-15,"Percentuais diferentes para dias úteis, sábados, domingos e feriados",,média,validar,validar,validar,,,,
REG-RN-SINDPD-2025,RN,Sindpd RN,Tecnologia da Informação,2025,sobreaviso,,extraido_para_revisao,pdf_cct,PDF da CCT,CLÁUSULA OITAVA - ADICIONAL DE SOBREAVISO Somente receberão o adicional de sobreaviso aqueles funcionários cuja gerência imediata previamente avisar por escrito ao funcionário da necessidade de disponibilidade. Parágrafo Primeiro - O gerente deverá indicar ao funcionário o período em que ele poderá ser acionado. Parágrafo Segundo - Será pago um adicional de 1/3 (um terço) do salário normal. OUTROS ADICIONAIS,2026-06-15,,,média,validar,validar,validar,,,,
REG-RN-SINDPD-2025,RN,Sindpd RN,Tecnologia da Informação,2025,jornada,30.0,extraido_para_revisao,pdf_cct,PDF da CCT,"CLÁUSULA VIGÉSIMA QUARTA - DA JORNADA DE TRABALHO Para as categorias de digitadores e/ou operadores de equipamento de entrada e transmissão de dados; operadores e/ou técnicos de operação e monitoração de computadores, será cumprida jornada de trabalho de 06 (seis) horas diárias, perfazendo um total de 30 (trinta) horas semanais, para empregadores que trabalhem de segunda a sexta-feira e os demais 36 (trinta e seis) horas semanais. Parágrafo Único - Para as demais categorias será cumprida jornada de trabalho de 08 (oito) horas diárias, perfazendo um total de 44 (quarenta e quatro) horas semanai…",2026-06-15,"Múltiplas jornadas identificadas: 30.0, 36.0, 44.0h/sem; Horas diárias não calculadas: regime não identificável","[""30h/semana"", ""36h/semana"", ""44h/semana""]",média,validar,validar,validar,30.0,,,
REG-RR-SINTECO-2024,RR,Sinteco RR,Telecomunicações,2024,piso_salarial,,pendente_revisao,nao_identificado_pdf,,,2026-06-15,Extração de PDF falhou: pdf_sem_texto. Extração de PDF falhou: erro_pdftotext. Extração de PDF falhou: pdf_sem_texto. Extração de PDF falhou: pdf_sem_texto. Extração de PDF falhou: pdf_sem_texto,,alta,buscar_fonte,buscar_fonte,buscar_fonte,,,,
REG-RR-SINTECO-2024,RR,Sinteco RR,Telecomunicações,2024,adicional_noturno,,pendente_revisao,nao_identificado_pdf,,,2026-06-15,Extração de PDF falhou: pdf_sem_texto. Extração de PDF falhou: erro_pdftotext. Extração de PDF falhou: pdf_sem_texto. Extração de PDF falhou: pdf_sem_texto. Extração de PDF falhou: pdf_sem_texto,,alta,buscar_fonte,buscar_fonte,buscar_fonte,,,,
REG-RR-SINTECO-2024,RR,Sinteco RR,Telecomunicações,2024,auxilio_alimentacao,,pendente_revisao,nao_identificado_pdf,,,2026-06-15,Extração de PDF falhou: pdf_sem_texto. Extração de PDF falhou: erro_pdftotext. Extração de PDF falhou: pdf_sem_texto. Extração de PDF falhou: pdf_sem_texto. Extração de PDF falhou: pdf_sem_texto,,baixa,buscar_fonte,buscar_fonte,buscar_fonte,,,,
REG-RR-SINTECO-2024,RR,Sinteco RR,Telecomunicações,2024,plr,,pendente_revisao,nao_identificado_pdf,,,2026-06-15,Extração de PDF falhou: pdf_sem_texto. Extração de PDF falhou: erro_pdftotext. Extração de PDF falhou: pdf_sem_texto. Extração de PDF falhou: pdf_sem_texto. Extração de PDF falhou: pdf_sem_texto,,baixa,buscar_fonte,buscar_fonte,buscar_fonte,,,,
REG-RR-SINTECO-2024,RR,Sinteco RR,Telecomunicações,2024,hora_extra,,pendente_revisao,nao_identificado_pdf,,,2026-06-15,Extração de PDF falhou: pdf_sem_texto. Extração de PDF falhou: erro_pdftotext. Extração de PDF falhou: pdf_sem_texto. Extração de PDF falhou: pdf_sem_texto. Extração de PDF falhou: pdf_sem_texto,,alta,buscar_fonte,buscar_fonte,buscar_fonte,,,,
REG-RR-SINTECO-2024,RR,Sinteco RR,Telecomunicações,2024,sobreaviso,,pendente_revisao,nao_identificado_pdf,,,2026-06-15,Extração de PDF falhou: pdf_sem_texto. Extração de PDF falhou: erro_pdftotext. Extração de PDF falhou: pdf_sem_texto. Extração de PDF falhou: pdf_sem_texto. Extração de PDF falhou: pdf_sem_texto,,baixa,buscar_fonte,buscar_fonte,buscar_fonte,,,,
REG-RR-SINTECO-2024,RR,Sinteco RR,Telecomunicações,2024,jornada,,pendente_revisao,nao_identificado_pdf,,,2026-06-15,Extração de PDF falhou: pdf_sem_texto. Extração de PDF falhou: erro_pdftotext. Extração de PDF falhou: pdf_sem_texto. Extração de PDF falhou: pdf_sem_texto. Extração de PDF falhou: pdf_sem_texto,,alta,buscar_fonte,buscar_fonte,buscar_fonte,,,,
REG-RS-SESCON-2025,RS,SESCON RS,Serviços Contábeis,2025,piso_salarial,,pendente_revisao,nao_identificado_pdf,,,2026-06-15,Cláusula de piso salarial não localizada no PDF,,alta,buscar_fonte,buscar_fonte,buscar_fonte,,,,
REG-RS-SESCON-2025,RS,SESCON RS,Serviços Contábeis,2025,adicional_noturno,,pendente_revisao,nao_identificado_pdf,,,2026-06-15,Cláusula de adicional noturno não localizada no PDF,,alta,buscar_fonte,buscar_fonte,buscar_fonte,,,,
REG-RS-SESCON-2025,RS,SESCON RS,Serviços Contábeis,2025,auxilio_alimentacao,,pendente_revisao,nao_identificado_pdf,,,2026-06-15,Cláusula de auxílio alimentação não localizada no PDF,,baixa,buscar_fonte,buscar_fonte,buscar_fonte,,,,
REG-RS-SESCON-2025,RS,SESCON RS,Serviços Contábeis,2025,plr,,pendente_revisao,nao_identificado_pdf,,,2026-06-15,Cláusula de PLR não localizada no PDF,,baixa,buscar_fonte,buscar_fonte,buscar_fonte,,,,
REG-RS-SESCON-2025,RS,SESCON RS,Serviços Contábeis,2025,hora_extra,,pendente_revisao,nao_identificado_pdf,,,2026-06-15,Cláusula de hora extra não localizada no PDF,,alta,buscar_fonte,buscar_fonte,buscar_fonte,,,,
REG-RS-SESCON-2025,RS,SESCON RS,Serviços Contábeis,2025,sobreaviso,,pendente_revisao,nao_identificado_pdf,,,2026-06-15,Cláusula de sobreaviso não localizada no PDF,,baixa,buscar_fonte,buscar_fonte,buscar_fonte,,,,
REG-RS-SESCON-2025,RS,SESCON RS,Serviços Contábeis,2025,jornada,,pendente_revisao,nao_identificado_pdf,,,2026-06-15,Cláusula de jornada de trabalho não localizada no PDF,,alta,buscar_fonte,buscar_fonte,buscar_fonte,,,,
REG-RS-SINDPD-2025,RS,Sindpd RS,Tecnologia da Informação,2025,piso_salarial,,pendente_revisao,nao_identificado_pdf,,,2026-06-15,Cláusula de piso salarial não localizada no PDF,,alta,buscar_fonte,buscar_fonte,buscar_fonte,,,,
REG-RS-SINDPD-2025,RS,Sindpd RS,Tecnologia da Informação,2025,adicional_noturno,,extraido_para_revisao,pdf_cct,PDF da CCT,"CLÁUSULA DÉCIMA SEGUNDA - TRABALHO NOTURNO O trabalho noturno será pago com o adicional de 40% (quarenta por cento), a incidir sobre o salário da hora normal. Para esta finalidade, é considerado trabalho noturno aquele realizado entre as 22 (vinte e duas) e as 5 (cinco) horas do dia seguinte. Parágrafo Primeiro: O adicional noturno incidente sobre as horas extraordinárias laboradas entre as 22 (vinte e duas) e as 5 (cinco) horas, será de 40% (quarenta por cento). AJUDA DE CUSTO",2026-06-15,,,média,validar,validar,validar,,,,
REG-RS-SINDPD-2025,RS,Sindpd RS,Tecnologia da Informação,2025,auxilio_alimentacao,,pendente_revisao,nao_identificado_pdf,,,2026-06-15,Cláusula de auxílio alimentação não localizada no PDF,,baixa,buscar_fonte,buscar_fonte,buscar_fonte,,,,
REG-RS-SINDPD-2025,RS,Sindpd RS,Tecnologia da Informação,2025,plr,,pendente_revisao,nao_identificado_pdf,,,2026-06-15,Cláusula de PLR não localizada no PDF,,baixa,buscar_fonte,buscar_fonte,buscar_fonte,,,,
REG-RS-SINDPD-2025,RS,Sindpd RS,Tecnologia da Informação,2025,hora_extra,,extraido_para_revisao,pdf_cct,PDF da CCT,CLÁUSULA DÉCIMA - ADICIONAIS - HORAS EXTRAS As horas extraordinárias subsequentes às duas primeiras serão remuneradas com adicional de 75% (setenta e cinco por cento). ADICIONAL DE TEMPO DE SERVIÇO,2026-06-15,,,média,validar,validar,validar,,,,
REG-RS-SINDPD-2025,RS,Sindpd RS,Tecnologia da Informação,2025,sobreaviso,,extraido_para_revisao,pdf_cct,PDF da CCT,"CLÁUSULA QUADRAGÉSIMA NONA - SOBREAVISO Os empregados, quando forem notificados por escrito pelo empregador que estarão de sobreaviso (utilização de BIP fornecido pela empresa ou aguardando possível convocação de trabalho) em período de descanso e lazer, terão estas horas remuneradas com 33% (trinta e três por cento) do valor da hora contratual de seu salário. Em casos excepcionais, sem previsão e consequente formalização prévia, comprovando-se, posteriormente, a sua real necessidade, se o funcionário comparecer ao trabalho durante o seu período de lazer e descanso, fica autorizado pela empres…",2026-06-15,,,média,validar,validar,validar,,,,
REG-RS-SINDPD-2025,RS,Sindpd RS,Tecnologia da Informação,2025,jornada,44.0,extraido_para_revisao,pdf_cct,PDF da CCT,"CLÁUSULA QUADRAGÉSIMA PRIMEIRA - JORNADA DE TRABALHO O horário máximo normal de trabalho será de 44 (quarenta e quatro) horas semanais, sem prejuízo salarial ou de jornadas menores já vigentes. Os digitadores e os operadores, excluídos os investidos em cargo de chefia ou supervisão, terão a duração máxima normal de trabalho de 6 (seis) horas diárias ou 36 (trinta e seis) horas semanais também sem prejuízo salarial ou de jornadas menores já praticadas. COMPENSAÇÃO DE JORNADA",2026-06-15,"Múltiplas jornadas identificadas: 44.0, 36.0h/sem; Horas diárias não calculadas: regime não identificável","[""44h/semana"", ""36h/semana""]",média,validar,validar,validar,44.0,,,
REG-RS-SINTTEL-2025,RS,Sinttel RS,Telecomunicações,2025,piso_salarial,1694.66,extraido_para_revisao,pdf_cct,PDF da CCT,"CLÁUSULA TERCEIRA - PISO SALARIAL A partir de 1º de janeiro de 2025, fica estabelecido o piso salarial dos Operadores de Mesas Telefônicas no valor de R$ 1.694,66 (um mil, seiscentos e noventa e quatro reais e sessenta e seis centavos), devendo ser adequado ao piso salarial regional quando revisado no estado do Rio Grande do Sul, caso o piso regional seja superior. REAJUSTES/CORREÇÕES SALARIAIS",2026-06-15,,,média,validar,validar,validar,1694.66,,,
REG-RS-SINTTEL-2025,RS,Sinttel RS,Telecomunicações,2025,adicional_noturno,,pendente_revisao,nao_identificado_pdf,,,2026-06-15,Cláusula de adicional noturno não localizada no PDF,,alta,buscar_fonte,buscar_fonte,buscar_fonte,,,,
REG-RS-SINTTEL-2025,RS,Sinttel RS,Telecomunicações,2025,auxilio_alimentacao,,pendente_revisao,nao_identificado_pdf,,,2026-06-15,Cláusula de auxílio alimentação não localizada no PDF,,baixa,buscar_fonte,buscar_fonte,buscar_fonte,,,,
REG-RS-SINTTEL-2025,RS,Sinttel RS,Telecomunicações,2025,plr,,pendente_revisao,nao_identificado_pdf,,,2026-06-15,Cláusula de PLR não localizada no PDF,,baixa,buscar_fonte,buscar_fonte,buscar_fonte,,,,
REG-RS-SINTTEL-2025,RS,Sinttel RS,Telecomunicações,2025,hora_extra,,extraido_para_revisao,pdf_cct,PDF da CCT,"CLÁUSULA DÉCIMA - HORAS EXTRAS Os serviços extraordinários que extrapolarem os limites estabelecidos na cláusula Jornada de Trabalho, serão acrescidos de 50% (cinquenta por cento) do valor da hora normal, exceto o realizado no dia do repouso semanal e feriado, que será remunerado com adicional de 100% (cem por cento). Parágrafo Primeiro: O serviço extraordinário será registrado no mesmo cartão ponto que acolher o registro do horário normal. Parágrafo Segundo: As horas extras somente poderão ser realizadas mediante autorização do coordenador da área, devendo esta autorização ser registrada em d…",2026-06-15,"Percentuais diferentes para dias úteis, sábados, domingos e feriados",,média,validar,validar,validar,,,,
REG-RS-SINTTEL-2025,RS,Sinttel RS,Telecomunicações,2025,sobreaviso,,pendente_revisao,nao_identificado_pdf,,,2026-06-15,Cláusula de sobreaviso não localizada no PDF,,baixa,buscar_fonte,buscar_fonte,buscar_fonte,,,,
REG-RS-SINTTEL-2025,RS,Sinttel RS,Telecomunicações,2025,jornada,,extraido_para_revisao,pdf_cct,PDF da CCT,"CLÁUSULA QUADRAGÉSIMA - JORNADA DE TRABALHO A jornada de trabalho dos empregados operadores de mesas telefônicas será de 6h diárias e 36h semanais, ressalvadas as jornadas legais inferiores ou expressamente prevista neste instrumento. INTERVALOS PARA DESCANSO",2026-06-15,Cláusula de jornada encontrada; carga horária requer revisão,,média,validar,validar,validar,,,,
REG-RS-SINPAPTEP-2024,RS,Sinpaptep RS,Automação e Processamento,2024,piso_salarial,44.97,conflito,pdf_cct,PDF da CCT,"CLÁUSULA TERCEIRA - PISOS SALARIAIS Ficam assegurados à categoria profissional os seguintes pisos salariais mensais: Grupo Profissionais Valor R$ Vigência a partir de A Em serviços de limpeza, copa, faxina, office boy e assemelhado 1.412,00 1º/05/2024 B Em funções administrativas: telefonista, recepcionista, auxiliar e 1.719,39 1º/01/2025 assistente administrativo, financeiro, de pessoal e assemelhado C Da área técnica do setor de publicidade: criação, planejamento, 1.960,82 1º/01/2025 mídia, atendimento, produção gráfica e eletrônica, web design, tráfego, arte final ou montagem, coordenação, …",2026-06-15,"Múltiplos valores identificados: 44.97, 51.29, 49.75, 39.58",,alta,revisar_conflito,marcar_conflito,marcar_conflito,44.97,,,
REG-RS-SINPAPTEP-2024,RS,Sinpaptep RS,Automação e Processamento,2024,adicional_noturno,,pendente_revisao,nao_identificado_pdf,,,2026-06-15,Cláusula de adicional noturno não localizada no PDF,,alta,buscar_fonte,buscar_fonte,buscar_fonte,,,,
REG-RS-SINPAPTEP-2024,RS,Sinpaptep RS,Automação e Processamento,2024,auxilio_alimentacao,27.73,conflito,pdf_cct,PDF da CCT,"CLÁUSULA DÉCIMA SEGUNDA - VALE-REFEIÇÃO/ALIMENTAÇÃO As empresas que não fornecem refeições no local de trabalho, de forma subsidiada, nos termos do Programa de Alimentação do Trabalhador (PAT) e demais normas aplicáveis, fornecerão aos seus empregados ticket, na forma de vale-refeição ou vale-alimentação, em número correspondente aos dias laborados no mês, no valor unitário de R$ 27,73 (vinte e sete reais e setenta e três centavos), no período de 1º/05/2024 a 31/12/2024, e de R$ 27,87 (vinte e sete reais e oitenta e sete centavos) no período de 1º/01/2025 a 30/04/2025), podendo a empresa desco…",2026-06-15,"Múltiplos valores identificados: 27.73, 27.87",,alta,revisar_conflito,marcar_conflito,marcar_conflito,27.73,,,
REG-RS-SINPAPTEP-2024,RS,Sinpaptep RS,Automação e Processamento,2024,plr,,pendente_revisao,nao_identificado_pdf,,,2026-06-15,Cláusula de PLR não localizada no PDF,,baixa,buscar_fonte,buscar_fonte,buscar_fonte,,,,
REG-RS-SINPAPTEP-2024,RS,Sinpaptep RS,Automação e Processamento,2024,hora_extra,,extraido_para_revisao,pdf_cct,PDF da CCT,"CLÁUSULA NONA - HORAS EXTRAS As 2 (duas) primeiras horas extraordinárias serão pagas com acréscimo de 50% (cinquenta por cento) e as demais com acréscimo de 75% (setenta e cinco por cento), incidentes sobre o salário contratual. O trabalho em domingos e feriados, assim como nos sábados, quando adotado o regime de compensação, será remunerado com o adicional de 100% (cem por cento). ADICIONAL DE TEMPO DE SERVIÇO",2026-06-15,"Percentuais diferentes para dias úteis, sábados, domingos e feriados",,média,validar,validar,validar,,,,
REG-RS-SINPAPTEP-2024,RS,Sinpaptep RS,Automação e Processamento,2024,sobreaviso,,pendente_revisao,nao_identificado_pdf,,,2026-06-15,Cláusula de sobreaviso não localizada no PDF,,baixa,buscar_fonte,buscar_fonte,buscar_fonte,,,,
REG-RS-SINPAPTEP-2024,RS,Sinpaptep RS,Automação e Processamento,2024,jornada,,pendente_revisao,nao_identificado_pdf,,,2026-06-15,Cláusula de jornada de trabalho não localizada no PDF,,alta,buscar_fonte,buscar_fonte,buscar_fonte,,,,
REG-SC-SINDPD-2025,SC,Sindpd SC,Tecnologia da Informação,2025,piso_salarial,2000.0,extraido_para_revisao,pdf_cct,PDF da CCT,"CLÁUSULA TERCEIRA - PISOS SALARIAIS Os pisos salariais da categoria profissional, a partir da assinatura do presente instrumento, serão os seguintes: a) Analistas de Sistemas R$ 4.410,00 b) Funções que exijam formação universitária de graduação plena R$ 4.105,00 c) Programadores e Instrutores R$ 3.560,00 d) Supervisores e Cargos de Nível Técnico R$ 3.115,00 e) Auxiliares Administrativos, Financeiros e de Escritórios e Assistentes de Apoio ao Usuário R$ 2.000,00 f) Digitadores e Telefonistas R$ 2.000,00 g) Pessoal de Serviços Gerais e Contínuos R$ 2.000,00 Parágrafo Primeiro: Os empregados que …",2026-06-15,,,média,validar,validar,validar,2000.0,,,
REG-SC-SINDPD-2025,SC,Sindpd SC,Tecnologia da Informação,2025,adicional_noturno,,extraido_para_revisao,pdf_cct,PDF da CCT,"CLÁUSULA OITAVA - ADICIONAL NOTURNO O adicional noturno será pago pela Empresa aos Empregados que realizarem trabalhos nos horários entre às 22h00min e às 05h00min, no percentual de 50% (cinquenta por cento). Parágrafo Único: A média do adicional noturno será também considerada para efeito de remuneração de férias, décimo terceiro salário, aviso prévio e gratificação de férias. OUTROS ADICIONAIS",2026-06-15,,,média,validar,validar,validar,,,,
REG-SC-SINDPD-2025,SC,Sindpd SC,Tecnologia da Informação,2025,auxilio_alimentacao,15.98,conflito,pdf_cct,PDF da CCT,"CLÁUSULA DÉCIMA - VALE REFEIÇÃO/ALIMENTAÇÃO Atendidas as exigências do PAT – Programa de Alimentação do Trabalhador, as Empresas fornecerão vales refeição e/ou alimentação, cujos valores a partir de agosto de 2025, serão os seguintes: Para Empregados que laboram em jornada diária de 04h00min, no valor unitário de R$ 15,98 (quinze reais e noventa e oito centavos) por dia de trabalho efetivo; Para Empregados que laboram em jornada diária de 06h00min, no valor unitário de R$ 23,25 (vinte e três reais e vinte e cinco centavos) por dia de trabalho efetivo; Para Empregados que laboram em jornada diá…",2026-06-15,"Múltiplos valores identificados: 15.98, 23.25, 31.0",,alta,revisar_conflito,marcar_conflito,marcar_conflito,15.98,,,
REG-SC-SINDPD-2025,SC,Sindpd SC,Tecnologia da Informação,2025,plr,,pendente_revisao,nao_identificado_pdf,,,2026-06-15,Cláusula de PLR não localizada no PDF,,baixa,buscar_fonte,buscar_fonte,buscar_fonte,,,,
REG-SC-SINDPD-2025,SC,Sindpd SC,Tecnologia da Informação,2025,hora_extra,,extraido_para_revisao,pdf_cct,PDF da CCT,"CLÁUSULA SÉTIMA - HORAS EXTRAS As horas extraordinárias praticadas em dias normais de trabalho, serão remuneradas com adicional de 70% (setenta por cento); as realizadas em dia destinado ao descanso semanal remunerado ou feriado, serão remuneradas com adicional de 100% (cem por cento). ADICIONAL NOTURNO",2026-06-15,"Percentuais diferentes para dias úteis, sábados, domingos e feriados",,média,validar,validar,validar,,,,
REG-SC-SINDPD-2025,SC,Sindpd SC,Tecnologia da Informação,2025,sobreaviso,,pendente_revisao,nao_identificado_pdf,,,2026-06-15,Cláusula de sobreaviso não localizada no PDF,,baixa,buscar_fonte,buscar_fonte,buscar_fonte,,,,
REG-SC-SINDPD-2025,SC,Sindpd SC,Tecnologia da Informação,2025,jornada,36.0,extraido_para_revisao,pdf_cct,PDF da CCT,"CLÁUSULA DÉCIMA SEXTA - JORNADA DE TRABALHO A jornada de trabalho para os digitadores, auxiliares de processamento de dados e telefonistas será de 36 (trinta e seis) horas semanais e, para as demais funções, de 44 (quarenta e quatro) horas semanais, observadas as determinações estabelecidas na NR 17. COMPENSAÇÃO DE JORNADA",2026-06-15,"Múltiplas jornadas identificadas: 36.0, 44.0h/sem; Horas diárias não calculadas: regime não identificável","[""36h/semana"", ""44h/semana""]",média,validar,validar,validar,36.0,,,
REG-SC-SINDPD-JOINVILLE-2025,SC,Sindpd Joinville,Tecnologia da Informação,2025,piso_salarial,1978.0,extraido_para_revisao,pdf_cct,PDF da CCT,"CLÁUSULA TERCEIRA - SALÁRIO NORMATIVO Fica estabelecido o Salário Normativo das funções abaixo na admissão, sendo que nenhum salário poderá ser inferior a Lei do piso estadual da categoria, normalmente reajustado no mês de janeiro: Auxiliar Técnico/Digitador/ Auxiliares Administrativos (inclui Limpeza e R$ 1.978,00 Office-boy) Trainee técnico R$ 2.044,20 Cargos Administrativos R$ 1.978,00 Técnicos em Geral R$ 2.207,10 § ÚNICO. A permanência máxima do empregado na função de trainee técnico será de 12 (doze) meses a contar da data de sua contratação. REAJUSTES/CORREÇÕES SALARIAIS",2026-06-15,,,média,validar,validar,validar,1978.0,,,
REG-SC-SINDPD-JOINVILLE-2025,SC,Sindpd Joinville,Tecnologia da Informação,2025,adicional_noturno,,conflito,pdf_cct,PDF da CCT,"CLÁUSULA DÉCIMA - ADICIONAL NOTURNO As horas trabalhadas dos empregados cujo TURNO FIXO de trabalho ocorra entre 22:00 e 05:00 horas, serão pagas com um adicional de 35% (trinta e cinco por cento) a título de Adicional Noturno. § 1º - As horas extras trabalhadas pelos demais empregados no horário entre 22:00 e 05:00 horas, serão remuneradas conforme o previsto na cláusula de horas extraordinárias desta CONVENÇÃO e acrescidas de um ADICIONAL NOTURNO de 25% (vinte e cinco por cento). § 2º - As horas extras dos empregados mencionados no “CAPUT” desta",2026-06-15,"Múltiplos valores identificados: 35.0, 25.0",,alta,revisar_conflito,marcar_conflito,marcar_conflito,,,,
REG-SC-SINDPD-JOINVILLE-2025,SC,Sindpd Joinville,Tecnologia da Informação,2025,auxilio_alimentacao,,pendente_revisao,nao_identificado_pdf,,,2026-06-15,Cláusula de auxílio alimentação não localizada no PDF,,baixa,buscar_fonte,buscar_fonte,buscar_fonte,,,,
REG-SC-SINDPD-JOINVILLE-2025,SC,Sindpd Joinville,Tecnologia da Informação,2025,plr,,extraido_para_revisao,pdf_cct,PDF da CCT,"CLÁUSULA DÉCIMA TERCEIRA - PARTICIPAÇÃO NOS LUCROS E RESULTADOS Desvinculada da remuneração, conforme definida em lei ou mediante acordo entre as partes, fica facultado às empresas, negociar com os empregados, com a devida participação do Sindicato Laboral, formas de participação nos lucros ou resultados. É facultado ao Sindicato Laboral designar como seu representante interino na comissão de negociação qualquer empregado da empresa negociante AUXÍLIO TRANSPORTE",2026-06-15,Cláusula de PLR encontrada; valor/regra específica requer revisão,,média,validar,validar,validar,,,,
REG-SC-SINDPD-JOINVILLE-2025,SC,Sindpd Joinville,Tecnologia da Informação,2025,hora_extra,,extraido_para_revisao,pdf_cct,PDF da CCT,"CLÁUSULA NONA - HORAS EXTRAORDINÁRIAS As horas extraordinárias de segunda a sexta feira, serão pagas com acréscimo de 60% (sessenta por cento) sobre a hora normal. As horas extras efetuadas aos sábados, até o limite de 04 (quatro horas), serão pagas com 60% (sessenta por cento) de acréscimo sobre a hora normal. As demais horas extras dos sábados serão pagas com 100% (cem por cento) de acréscimo sobre a hora normal. Quando efetuadas aos domingos e feriados, todas as horas extras serão acrescidas de 100% (cem por cento) sobre a hora normal. § 1º - Fica assegurado ao empregado que tenha sua jorna…",2026-06-15,"Percentuais diferentes para dias úteis, sábados, domingos e feriados",,média,validar,validar,validar,,,,
REG-SC-SINDPD-JOINVILLE-2025,SC,Sindpd Joinville,Tecnologia da Informação,2025,sobreaviso,,extraido_para_revisao,pdf_cct,PDF da CCT,"cláusula serão remuneradas conforme o previsto na cláusula de horas extraordinárias desta CONVENÇÃO ADICIONAL DE SOBREAVISO CLÁUSULA DÉCIMA PRIMEIRA - JORNADA EM SOBREAVISO Todo o empregado que ficar de sobreaviso, conforme art. 244, §2ª da CLT, por determinação escrita do empregador, nos períodos fora de sua jornada normal de trabalho, terá assegurado o recebimento, a título de sobreaviso, das horas correspondentes à razão de 1/3 (um terço) do salário normal, nos termos do art. 244, parágrafo segundo da CLT, de aplicação analógica. § 1º Caso o sobreaviso resulte em trabalho efetivo, a remuner…",2026-06-15,,,média,validar,validar,validar,,,,
REG-SC-SINDPD-JOINVILLE-2025,SC,Sindpd Joinville,Tecnologia da Informação,2025,jornada,30.0,extraido_para_revisao,pdf_cct,PDF da CCT,"CLÁUSULA VIGÉSIMA SÉTIMA - JORNADA DE TRABALHO A duração da jornada de trabalho dos digitadores será de 30 (trinta) horas semanais (6 horas diárias) e dos demais empregados será de 44 (quarenta e quatro) horas semanais. § 1º – Os digitadores terão um descanso de 10 (dez) minutos a cada 50 (cinquenta) minutos trabalhados, cujos intervalos de repouso serão computados na duração da jornada de trabalho para todos os fins e efeitos. § 2º – Ficam ressalvadas as jornadas de menor número de horas semanais que venham sendo adotadas pelas empresas e preservadas outras já existentes. § 3º – Será facultad…",2026-06-15,"Múltiplas jornadas identificadas: 30.0, 44.0h/sem; Horas diárias não calculadas: regime não identificável","[""30h/semana"", ""44h/semana""]",média,validar,validar,validar,30.0,,,
REG-SC-SINTTEL-2025,SC,Sinttel SC,Telecomunicações,2025,piso_salarial,1792.0,extraido_para_revisao,pdf_cct,PDF da CCT,"CLÁUSULA TERCEIRA - PISO SALARIAL Fica convencionado que o piso da categoria, assim entendido como o menor salário pago pelas empresas, será de R$ 1.792,00 (mil, setecentos e noventa e dois reais) a partir da folha salarial do mês de julho/2025. Parágrafo Primeiro: Para efeito de piso por função serão considerados os seguintes cargos e salários, conforme a tabela abaixo: CARGOS 01/07/2025 ALMOXARIFE R$ 1.851,24 CABISTA I R$ 1.792,00 CABISTA II R$ 2.287,92 CABISTA III R$ 2.531,03 INSTALADOR DTH R$ 1.792,00 LIDER DE OBRAS / ENCARREGADO R$ 2.531,02 OFICIAL DE REDE R$ 1.792,00 OPERADOR MULTIFUNCIO…",2026-06-15,,,média,validar,validar,validar,1792.0,,,
REG-SC-SINTTEL-2025,SC,Sinttel SC,Telecomunicações,2025,adicional_noturno,,pendente_revisao,nao_identificado_pdf,,,2026-06-15,Cláusula de adicional noturno não localizada no PDF,,alta,buscar_fonte,buscar_fonte,buscar_fonte,,,,
REG-SC-SINTTEL-2025,SC,Sinttel SC,Telecomunicações,2025,auxilio_alimentacao,30.59,extraido_para_revisao,pdf_cct,PDF da CCT,"CLÁUSULA SEXTA - VALE REFEIÇÃO As empresas concederão aos seus empregados com jornada de 44 (quarenta e quatro) horas semanais o Benefício Alimentação, cujo fornecimento dar-se-á por dia efetivo de trabalho, sendo o valor face do vale alimentação/refeição de R$30,59 (trinta reais e cinquenta e nove centavos), a partir de 01/07/2025, por dia efetivamente trabalhado. Parágrafo Primeiro: As cargas nos cartões VA/VR serão realizadas no primeiro dia útil de cada mês. Parágrafo Segundo: Na hipótese de trabalho extraordinário dos empregados igual ou superior a duas horas ele receberá um auxílio alime…",2026-06-15,,,média,validar,validar,validar,30.59,,,
REG-SC-SINTTEL-2025,SC,Sinttel SC,Telecomunicações,2025,plr,,pendente_revisao,nao_identificado_pdf,,,2026-06-15,Cláusula de PLR não localizada no PDF,,baixa,buscar_fonte,buscar_fonte,buscar_fonte,,,,
REG-SC-SINTTEL-2025,SC,Sinttel SC,Telecomunicações,2025,hora_extra,,pendente_revisao,nao_identificado_pdf,,,2026-06-15,Cláusula de hora extra não localizada no PDF,,alta,buscar_fonte,buscar_fonte,buscar_fonte,,,,
REG-SC-SINTTEL-2025,SC,Sinttel SC,Telecomunicações,2025,sobreaviso,,pendente_revisao,nao_identificado_pdf,,,2026-06-15,Cláusula de sobreaviso não localizada no PDF,,baixa,buscar_fonte,buscar_fonte,buscar_fonte,,,,
REG-SC-SINTTEL-2025,SC,Sinttel SC,Telecomunicações,2025,jornada,,pendente_revisao,nao_identificado_pdf,,,2026-06-15,Cláusula de jornada de trabalho não localizada no PDF,,alta,buscar_fonte,buscar_fonte,buscar_fonte,,,,
REG-SC-SINDASPI-2024,SC,Sindaspi SC,Automação e Processamento,2024,piso_salarial,,pendente_revisao,nao_identificado_pdf,,,2026-06-15,Extração de PDF falhou: pdf_sem_texto. Extração de PDF falhou: erro_pdftotext. Extração de PDF falhou: pdf_sem_texto. Extração de PDF falhou: pdf_sem_texto. Extração de PDF falhou: pdf_sem_texto,,alta,buscar_fonte,buscar_fonte,buscar_fonte,,,,
REG-SC-SINDASPI-2024,SC,Sindaspi SC,Automação e Processamento,2024,adicional_noturno,,pendente_revisao,nao_identificado_pdf,,,2026-06-15,Extração de PDF falhou: pdf_sem_texto. Extração de PDF falhou: erro_pdftotext. Extração de PDF falhou: pdf_sem_texto. Extração de PDF falhou: pdf_sem_texto. Extração de PDF falhou: pdf_sem_texto,,alta,buscar_fonte,buscar_fonte,buscar_fonte,,,,
REG-SC-SINDASPI-2024,SC,Sindaspi SC,Automação e Processamento,2024,auxilio_alimentacao,,pendente_revisao,nao_identificado_pdf,,,2026-06-15,Extração de PDF falhou: pdf_sem_texto. Extração de PDF falhou: erro_pdftotext. Extração de PDF falhou: pdf_sem_texto. Extração de PDF falhou: pdf_sem_texto. Extração de PDF falhou: pdf_sem_texto,,baixa,buscar_fonte,buscar_fonte,buscar_fonte,,,,
REG-SC-SINDASPI-2024,SC,Sindaspi SC,Automação e Processamento,2024,plr,,pendente_revisao,nao_identificado_pdf,,,2026-06-15,Extração de PDF falhou: pdf_sem_texto. Extração de PDF falhou: erro_pdftotext. Extração de PDF falhou: pdf_sem_texto. Extração de PDF falhou: pdf_sem_texto. Extração de PDF falhou: pdf_sem_texto,,baixa,buscar_fonte,buscar_fonte,buscar_fonte,,,,
REG-SC-SINDASPI-2024,SC,Sindaspi SC,Automação e Processamento,2024,hora_extra,,pendente_revisao,nao_identificado_pdf,,,2026-06-15,Extração de PDF falhou: pdf_sem_texto. Extração de PDF falhou: erro_pdftotext. Extração de PDF falhou: pdf_sem_texto. Extração de PDF falhou: pdf_sem_texto. Extração de PDF falhou: pdf_sem_texto,,alta,buscar_fonte,buscar_fonte,buscar_fonte,,,,
REG-SC-SINDASPI-2024,SC,Sindaspi SC,Automação e Processamento,2024,sobreaviso,,pendente_revisao,nao_identificado_pdf,,,2026-06-15,Extração de PDF falhou: pdf_sem_texto. Extração de PDF falhou: erro_pdftotext. Extração de PDF falhou: pdf_sem_texto. Extração de PDF falhou: pdf_sem_texto. Extração de PDF falhou: pdf_sem_texto,,baixa,buscar_fonte,buscar_fonte,buscar_fonte,,,,
REG-SC-SINDASPI-2024,SC,Sindaspi SC,Automação e Processamento,2024,jornada,,pendente_revisao,nao_identificado_pdf,,,2026-06-15,Extração de PDF falhou: pdf_sem_texto. Extração de PDF falhou: erro_pdftotext. Extração de PDF falhou: pdf_sem_texto. Extração de PDF falhou: pdf_sem_texto. Extração de PDF falhou: pdf_sem_texto,,alta,buscar_fonte,buscar_fonte,buscar_fonte,,,,
REG-SE-SINDTIC-2025,SE,Sindtic SE,Tecnologia da Informação e Comunicações,2025,piso_salarial,,pendente_revisao,nao_identificado_pdf,,,2026-06-15,Cláusula de piso salarial não localizada no PDF,,alta,buscar_fonte,buscar_fonte,buscar_fonte,,,,
REG-SE-SINDTIC-2025,SE,Sindtic SE,Tecnologia da Informação e Comunicações,2025,adicional_noturno,,pendente_revisao,nao_identificado_pdf,,,2026-06-15,"Cláusula localizada, mas valor/percentual não pôde ser identificado automaticamente",,alta,buscar_fonte,buscar_fonte,buscar_fonte,,,,
REG-SE-SINDTIC-2025,SE,Sindtic SE,Tecnologia da Informação e Comunicações,2025,auxilio_alimentacao,32.0,extraido_para_revisao,pdf_cct,PDF da CCT,"CLÁUSULA DÉCIMA QUARTA - AUXÍLIO ALIMENTAÇÃO INICIO DA VIGÊNCIA DA CLÁUSULA: 01/05/2025 Será devido auxílio alimentação no valor facial de R$ 32,00 (trinta e dois reais), por dia efetivamente trabalhado, não integrando o salário, na forma dos parágrafos da presente Cláusula, podendo ser repassado em dinheiro sob a nomenclatura de AUXÍLIO ALIMENTAÇÃO CCT, ou creditado em tíquetes/cartão alimentação, sendo disponibilizado em formato de saldo livre para utilização do trabalhador, respeitada a legislação trabalhista vigente. PARÁGRAFO PRIMEIRO - Os créditos no cartão alimentação estarão liberados …",2026-06-15,,,média,validar,validar,validar,32.0,,,
REG-SE-SINDTIC-2025,SE,Sindtic SE,Tecnologia da Informação e Comunicações,2025,plr,,pendente_revisao,nao_identificado_pdf,,,2026-06-15,Cláusula de PLR não localizada no PDF,,baixa,buscar_fonte,buscar_fonte,buscar_fonte,,,,
REG-SE-SINDTIC-2025,SE,Sindtic SE,Tecnologia da Informação e Comunicações,2025,hora_extra,,pendente_revisao,nao_identificado_pdf,,,2026-06-15,"Cláusula localizada, mas valor/percentual não pôde ser identificado automaticamente",,alta,buscar_fonte,buscar_fonte,buscar_fonte,,,,
REG-SE-SINDTIC-2025,SE,Sindtic SE,Tecnologia da Informação e Comunicações,2025,sobreaviso,,extraido_para_revisao,pdf_cct,PDF da CCT,"CLÁUSULA VIGÉSIMA TERCEIRA - SOBREAVISO As empresas poderão escalar empregados no regime de sobreaviso. PARÁGRAFO PRIMEIRO - As horas de sobreaviso, para todos os efeitos, serão contadas à razão de 1/3 (um terço) do salário-hora normal. PARÁGRAFO SEGUNDO - A partir do momento em que o empregado de sobreaviso for solicitado a atender à empresa, o sobreaviso cessará, passando a remuneração a ser efetuada por horário extraordinário. Saúde e Segurança do Trabalhador Condições de Ambiente de Trabalho",2026-06-15,,,média,validar,validar,validar,,,,
REG-SE-SINDTIC-2025,SE,Sindtic SE,Tecnologia da Informação e Comunicações,2025,jornada,,extraido_para_revisao,pdf_cct,PDF da CCT,"CLÁUSULA VIGÉSIMA - JORNADA DE TRABALHO A duração normal do trabalho para os trabalhadores abrangidos por essa convenção é de 44 (quarenta e quatro) horas, salvo aqueles que exercem funções cuja duração máxima da jornada semanal é reduzida por força de lei específica. PARÁGRAFO PRIMEIRO - As empresas deverão observar as disposições estabelecidas na legislação pertinente vigente no tocante ao controle da jornada de trabalho. PARÁGRAFO SEGUNDO - As empresas poderão adotar sistemas alternativos eletrônicos de controle de ponto, conforme disposto na Portaria nº 373 do Ministério do Trabalho, deven…",2026-06-15,Cláusula de jornada encontrada; carga horária requer revisão,,média,validar,validar,validar,,,,
REG-SE-SINTTEL-2024,SE,Sinttel SE,Telecomunicações,2024,piso_salarial,,pendente_revisao,nao_identificado_pdf,,,2026-06-15,Extração de PDF falhou: pdf_sem_texto. Extração de PDF falhou: erro_pdftotext. Extração de PDF falhou: pdf_sem_texto. Extração de PDF falhou: pdf_sem_texto. Extração de PDF falhou: pdf_sem_texto,,alta,buscar_fonte,buscar_fonte,buscar_fonte,,,,
REG-SE-SINTTEL-2024,SE,Sinttel SE,Telecomunicações,2024,adicional_noturno,,pendente_revisao,nao_identificado_pdf,,,2026-06-15,Extração de PDF falhou: pdf_sem_texto. Extração de PDF falhou: erro_pdftotext. Extração de PDF falhou: pdf_sem_texto. Extração de PDF falhou: pdf_sem_texto. Extração de PDF falhou: pdf_sem_texto,,alta,buscar_fonte,buscar_fonte,buscar_fonte,,,,
REG-SE-SINTTEL-2024,SE,Sinttel SE,Telecomunicações,2024,auxilio_alimentacao,,pendente_revisao,nao_identificado_pdf,,,2026-06-15,Extração de PDF falhou: pdf_sem_texto. Extração de PDF falhou: erro_pdftotext. Extração de PDF falhou: pdf_sem_texto. Extração de PDF falhou: pdf_sem_texto. Extração de PDF falhou: pdf_sem_texto,,baixa,buscar_fonte,buscar_fonte,buscar_fonte,,,,
REG-SE-SINTTEL-2024,SE,Sinttel SE,Telecomunicações,2024,plr,,pendente_revisao,nao_identificado_pdf,,,2026-06-15,Extração de PDF falhou: pdf_sem_texto. Extração de PDF falhou: erro_pdftotext. Extração de PDF falhou: pdf_sem_texto. Extração de PDF falhou: pdf_sem_texto. Extração de PDF falhou: pdf_sem_texto,,baixa,buscar_fonte,buscar_fonte,buscar_fonte,,,,
REG-SE-SINTTEL-2024,SE,Sinttel SE,Telecomunicações,2024,hora_extra,,pendente_revisao,nao_identificado_pdf,,,2026-06-15,Extração de PDF falhou: pdf_sem_texto. Extração de PDF falhou: erro_pdftotext. Extração de PDF falhou: pdf_sem_texto. Extração de PDF falhou: pdf_sem_texto. Extração de PDF falhou: pdf_sem_texto,,alta,buscar_fonte,buscar_fonte,buscar_fonte,,,,
REG-SE-SINTTEL-2024,SE,Sinttel SE,Telecomunicações,2024,sobreaviso,,pendente_revisao,nao_identificado_pdf,,,2026-06-15,Extração de PDF falhou: pdf_sem_texto. Extração de PDF falhou: erro_pdftotext. Extração de PDF falhou: pdf_sem_texto. Extração de PDF falhou: pdf_sem_texto. Extração de PDF falhou: pdf_sem_texto,,baixa,buscar_fonte,buscar_fonte,buscar_fonte,,,,
REG-SE-SINTTEL-2024,SE,Sinttel SE,Telecomunicações,2024,jornada,,pendente_revisao,nao_identificado_pdf,,,2026-06-15,Extração de PDF falhou: pdf_sem_texto. Extração de PDF falhou: erro_pdftotext. Extração de PDF falhou: pdf_sem_texto. Extração de PDF falhou: pdf_sem_texto. Extração de PDF falhou: pdf_sem_texto,,alta,buscar_fonte,buscar_fonte,buscar_fonte,,,,
REG-SP-SENALBA-2025,SP,Senalba SP,Serviços Administrativos,2025,piso_salarial,1852.0,conflito,pdf_cct,PDF da CCT,"CLÁUSULA TERCEIRA - PISO SALARIAL Fica assegurado um salário normativo para os empregados abrangidos por essa convenção, a partir de 1º de março de 2025, no valor de R$ 1.852,00 (hum mil oitocentos e cinquenta e dois reais), para a jornada de trabalho legalmente prevista. Parágrafo único - Para os instrutores/monitores remunerados por hora, o piso salarial será no valor mínimo de R$ 13,09 (treze reais e nove centavos) por hora trabalhada, devendo ser acrescentado ao cálculo do salário, o valor correspondente ao descanso semanal remunerado. REAJUSTES/CORREÇÕES SALARIAIS",2026-06-15,"Múltiplos valores identificados: 1852.0, 13.09",,alta,revisar_conflito,marcar_conflito,marcar_conflito,1852.0,,,
REG-SP-SENALBA-2025,SP,Senalba SP,Serviços Administrativos,2025,adicional_noturno,,extraido_para_revisao,pdf_cct,PDF da CCT,"CLÁUSULA DÉCIMA PRIMEIRA - ADICIONAL NOTURNO A remuneração do trabalho noturno será acrescida do adicional de 35% (trinta e cinco por cento), para fins do artigo 73 da CLT. OUTROS ADICIONAIS",2026-06-15,,,média,validar,validar,validar,,,,
REG-SP-SENALBA-2025,SP,Senalba SP,Serviços Administrativos,2025,auxilio_alimentacao,28.32,extraido_para_revisao,pdf_cct,PDF da CCT,"CLÁUSULA DÉCIMA QUARTA - VALE REFEIÇÃO O empregador concederá 22 (vinte e dois) vales refeição por mês, no valor de R$ 28,32 (vinte e oito reais e trinta e dois centavos) cada um, ao empregado que cumpra jornada de trabalho igual ou superior 40 horas semanais. Parágrafo primeiro - O empregado com jornada de trabalho estabelecida no caput e que trabalhe menos de cinco dias na semana (ou regime de escala), receberá quantidade de vales proporcionalmente aos dias trabalhados. Parágrafo segundo - Os vales serão entregues até o dia de pagamento do salário mensal e seu valor será integralmente subsid…",2026-06-15,,,média,validar,validar,validar,28.32,,,
REG-SP-SENALBA-2025,SP,Senalba SP,Serviços Administrativos,2025,plr,,pendente_revisao,nao_identificado_pdf,,,2026-06-15,Cláusula de PLR não localizada no PDF,,baixa,buscar_fonte,buscar_fonte,buscar_fonte,,,,
REG-SP-SENALBA-2025,SP,Senalba SP,Serviços Administrativos,2025,hora_extra,,extraido_para_revisao,pdf_cct,PDF da CCT,"CLÁUSULA DÉCIMA - HORAS EXTRAS A hora extraordinária será remunerada na forma abaixo: a) 50% (cinquenta por cento) de acréscimo, em relação a hora normal, quando trabalhada em qualquer dia de segunda-feira a sábado, desde que não ultrapasse o limite de duas horas diárias; b)100% (cem por cento) de acréscimo, em relação a hora normal, as horas trabalhadas excedentes ao limite da letra ""a"", bem como aquelas trabalhadas em dias de repouso. ADICIONAL NOTURNO",2026-06-15,"Percentuais diferentes para dias úteis, sábados, domingos e feriados",,média,validar,validar,validar,,,,
REG-SP-SENALBA-2025,SP,Senalba SP,Serviços Administrativos,2025,sobreaviso,,pendente_revisao,nao_identificado_pdf,,,2026-06-15,Cláusula de sobreaviso não localizada no PDF,,baixa,buscar_fonte,buscar_fonte,buscar_fonte,,,,
REG-SP-SENALBA-2025,SP,Senalba SP,Serviços Administrativos,2025,jornada,,pendente_revisao,nao_identificado_pdf,,,2026-06-15,Cláusula de jornada de trabalho não localizada no PDF,,alta,buscar_fonte,buscar_fonte,buscar_fonte,,,,
REG-SP-SPAPTEP-2025,SP,Spaptep SP,Automação e Processamento,2025,piso_salarial,2035.0,conflito,pdf_cct,PDF da CCT,"CLÁUSULA TERCEIRA - PISO SALARIAL Ficam estabelecidos os seguintes pisos salariais a partir de 01/04/2025: PARA AGÊNCIAS/EMPRESAS COM ATÉ 40 EMPREGADOS EM 31/03/2025 (a) São PauloCapital = R$ 2.035,00(dois mil e trinta e cinco reais) por mês; (b) São Paulo – Interior, Litoral e Grande São Paulo = R$ 1.590,00(mil quinhentos e noventa reais) por mês. PARA AGÊNCIAS/EMPRESAS COM MAIS DE 40 EMPREGADOS EM 31/03/2025 (a) São PauloCapital = R$ 2.180,00(dois mil cento e oitenta reais) por mês; (b) São Paulo – Interior, Litoral e Grande São Paulo = R$ 1.600,00(mil e seiscentos reais) por mês. O piso sal…",2026-06-15,"Múltiplos valores identificados: 2035.0, 1590.0, 2180.0, 1600.0",,alta,revisar_conflito,marcar_conflito,marcar_conflito,2035.0,,,
REG-SP-SPAPTEP-2025,SP,Spaptep SP,Automação e Processamento,2025,adicional_noturno,,pendente_revisao,nao_identificado_pdf,,,2026-06-15,Cláusula de adicional noturno não localizada no PDF,,alta,buscar_fonte,buscar_fonte,buscar_fonte,,,,
REG-SP-SPAPTEP-2025,SP,Spaptep SP,Automação e Processamento,2025,auxilio_alimentacao,43.0,conflito,pdf_cct,PDF da CCT,"CLÁUSULA DÉCIMA SEXTA - VALE REFEIÇÃO/ VALE ALIMENTAÇÃO A partir de 01/04/2025, fica estabelecido o fornecimento de Vale-Refeição/Alimentação, na mesma proporção dos dias úteis trabalhados, em cada mês, nos valores diários abaixo indicados e de acordo com os seguintes critérios: PARA AGÊNCIAS/EMPRESAS COM ATÉ 40 EMPREGADOS EM 31/03/2025 (a) – Capital=R$ 43,00 (quarenta e três reais) (b) – Interior, Litoral e Grande São Paulo=R$ 26,00 (vinte e seis reais) O fornecimento deste vale-refeição/ alimentação fica limitado para os empregados que ganham até R$ 14.610,00 (quatorze mil seiscentos e dez r…",2026-06-15,"Múltiplos valores identificados: 43.0, 26.0, 14610.0, 46.0, 28.0, 19000.0",,alta,revisar_conflito,marcar_conflito,marcar_conflito,43.0,,,
REG-SP-SPAPTEP-2025,SP,Spaptep SP,Automação e Processamento,2025,plr,,pendente_revisao,nao_identificado_pdf,,,2026-06-15,Cláusula de PLR não localizada no PDF,,baixa,buscar_fonte,buscar_fonte,buscar_fonte,,,,
REG-SP-SPAPTEP-2025,SP,Spaptep SP,Automação e Processamento,2025,hora_extra,,extraido_para_revisao,pdf_cct,PDF da CCT,"CLÁUSULA DÉCIMA QUARTA - HORAS EXTRAORDINÁRIAS As horas extraordinárias serão remuneradas, sempre em dinheiro, com adicional de 100% (cem por cento) calculado sobre o valor da hora normal. Em qualquer hipótese, para serem consideradas extraordinárias, devem ser previamente autorizadas pela empresa, por escrito. PARTICIPAÇÃO NOS LUCROS E/OU RESULTADOS",2026-06-15,,,média,validar,validar,validar,,,,
REG-SP-SPAPTEP-2025,SP,Spaptep SP,Automação e Processamento,2025,sobreaviso,,pendente_revisao,nao_identificado_pdf,,,2026-06-15,Cláusula de sobreaviso não localizada no PDF,,baixa,buscar_fonte,buscar_fonte,buscar_fonte,,,,
REG-SP-SPAPTEP-2025,SP,Spaptep SP,Automação e Processamento,2025,jornada,,pendente_revisao,nao_identificado_pdf,,,2026-06-15,Cláusula de jornada de trabalho não localizada no PDF,,alta,buscar_fonte,buscar_fonte,buscar_fonte,,,,
REG-SP-SINDICATAO-2025,SP,Sindicatão SP,Tecnologia da Informação,2025,piso_salarial,1980.0,extraido_para_revisao,pdf_cct,PDF da CCT,"CLÁUSULA TERCEIRA - PISO SALARIAL Para os empregados abrangidos pela presente Convenção Coletiva, independentemente da idade, sujeitos ao regime de trabalho de tempo integral, ficam assegurados como pisos salariais os seguintes valores: 3.1. Para empregados contratados e que exerçam as funções de: “Office boy"" - CBO 4122-05; Recepcionista - CBO 4221-05; Faxineiro - CBO 5143-20; Porteiro - CBO 5174-10; Auxiliar de Serviços Gerais - CBO 5143; Copeira - CBO 5134-25; Atendente de Negócios - CBO 2532-25; Entrevistador de Pesquisas de Campo - CBO 4241-15; o valor mensal correspondente a R$ 1.980,00 …",2026-06-15,,,média,validar,validar,validar,1980.0,,,
REG-SP-SINDICATAO-2025,SP,Sindicatão SP,Tecnologia da Informação,2025,adicional_noturno,,pendente_revisao,nao_identificado_pdf,,,2026-06-15,"Cláusula localizada, mas valor/percentual não pôde ser identificado automaticamente",,alta,buscar_fonte,buscar_fonte,buscar_fonte,,,,
REG-SP-SINDICATAO-2025,SP,Sindicatão SP,Tecnologia da Informação,2025,auxilio_alimentacao,31.0,extraido_para_revisao,pdf_cct,PDF da CCT,"CLÁUSULA DÉCIMA TERCEIRA - AUXILIO REFEIÇÃO OU ALIMENTAÇÃO As empresas fornecerão aos seus empregados, mensalmente, em número idêntico ao dos dias a serem trabalhados no mês, tíquetes de auxílio refeição ou alimentação com valor facial unitário de, no mínimo, R$ 31,00 (trinta e um reais). 13.1. O benefício previsto nesta cláusula é devido inclusive para empregados em regime de “home office”, trabalho remoto ou externo. 13.2. Os tíquetes deverão ser fornecidos até o último dia útil do mês imediatamente anterior àquele ao qual se refere o benefício, compensando-se no mês subsequente as eventuais…",2026-06-15,,,média,validar,validar,validar,31.0,,,
REG-SP-SINDICATAO-2025,SP,Sindicatão SP,Tecnologia da Informação,2025,plr,,extraido_para_revisao,pdf_cct,PDF da CCT,"CLÁUSULA QUINQUAGÉSIMA SEXTA - PARTICIPAÇÃO NOS LUCROS OU RESULTADOS Tendo em vista os termos constantes da Lei nº 10.101, de 19 de dezembro de 2000, que dispõe sobre a Participação dos Trabalhadores nos Lucros ou Resultados, em sistema vigente desde dezembro de 1994, os Sindicatos Convenentes recomendam às empresas que promovam estudos destinados ao estabelecimento de plano de participação dos empregados nos lucros ou resultados. 56.1. Como forma de estimular a implementação do previsto no “caput”, as Entidades Sindicais convenentes disponibilizarão modelos de acordos de PLR.",2026-06-15,Cláusula de PLR encontrada; valor/regra específica requer revisão,,média,validar,validar,validar,,,,
REG-SP-SINDICATAO-2025,SP,Sindicatão SP,Tecnologia da Informação,2025,hora_extra,,pendente_revisao,nao_identificado_pdf,,,2026-06-15,"Cláusula localizada, mas valor/percentual não pôde ser identificado automaticamente",,alta,buscar_fonte,buscar_fonte,buscar_fonte,,,,
REG-SP-SINDICATAO-2025,SP,Sindicatão SP,Tecnologia da Informação,2025,sobreaviso,,pendente_revisao,nao_identificado_pdf,,,2026-06-15,Cláusula de sobreaviso não localizada no PDF,,baixa,buscar_fonte,buscar_fonte,buscar_fonte,,,,
REG-SP-SINDICATAO-2025,SP,Sindicatão SP,Tecnologia da Informação,2025,jornada,,pendente_revisao,nao_identificado_pdf,,,2026-06-15,Cláusula de jornada de trabalho não localizada no PDF,,alta,buscar_fonte,buscar_fonte,buscar_fonte,,,,
REG-SP-SINDPD-2024,SP,Sindpd SP,Tecnologia da Informação,2024,piso_salarial,1615.0,extraido_para_revisao,pdf_cct,PDF da CCT,"CLÁUSULA TERCEIRA - SALÁRIOS NORMATIVOS. www3.mte.gov.br/sistemas/mediador/Resumo/ResumoVisualizar?NrSolicitacao=MR001707/2024&CNPJ=55537666000175&CEI= 1/20 07/05/2024, 18:41 Mediador - Extrato Convenção Coletiva Fica assegurado para os empregados abrangidos por esta CONVENÇÃO COLETIVA DE TRABALHO, salário normativo que obedecerá aos seguintes critérios: A) aplicável ao digitador: R$ 2.025,00 (dois mil, e vinte e cinco reais), jornada de 30 (trinta) horas semanais; B) aplicável aos empregados integrantes da menor função e/ou atividade administrativa: R$ 1.615,00 (um mil, seicentos e quinze rea…",2026-06-15,,,média,validar,validar,validar,1615.0,,,
REG-SP-SINDPD-2024,SP,Sindpd SP,Tecnologia da Informação,2024,adicional_noturno,,extraido_para_revisao,pdf_cct,PDF da CCT,"CLÁUSULA DÉCIMA TERCEIRA - HORAS NOTURNAS. As horas noturnas previstas pelo artigo 73 da CLT ficam, por força da presente CONVENÇÃO COLETIVA DE TRABALHO, ampliadas para o período das 22:00 (vinte e duas) horas de um dia às 06:00 (seis) horas do dia seguinte e serão remuneradas com adicional de 30% (trinta por cento),preservados os percentuais superiores, condições de transporte e de alimentação que já venham sendo adotados pelas Empresas. Parágrafo único – As empresas deverão garantir transporte gratuitamente ao empregado, durante o período de trabalho compreendido no horário das 22:00 (vinte …",2026-06-15,,,média,validar,validar,validar,,,,
REG-SP-SINDPD-2024,SP,Sindpd SP,Tecnologia da Informação,2024,auxilio_alimentacao,28.0,conflito,pdf_cct,PDF da CCT,"CLÁUSULA DÉCIMA SÉTIMA - AUXÍLIO REFEIÇÃO E/OU AUXÍLIO ALIMENTAÇÃO. As Empresas deverão fornecer Auxílio Refeição e/ou Auxílio Alimentação no valor mínimo de R$ 28,00 (vinte e oito reais) por dia, 22 (vinte e dois) dias por mês, deduzidos os descontos legais, quando houver, do mês precedente, pagos antecipadamente, para jornada de oito horas diárias. Parágrafo 1º - Faculta-se à Empresa os benefícios da Lei do PAT - Lei nº 6.321, de 14 de abril de 1976, regulamentada pelo Decreto nº 5, de 14 de janeiro de 1991. Parágrafo 2º - As Empresas que forneçam Auxílio Refeição para os seus empregados pod…",2026-06-15,"Múltiplos valores identificados: 28.0, 30.0",,alta,revisar_conflito,marcar_conflito,marcar_conflito,28.0,,,
REG-SP-SINDPD-2024,SP,Sindpd SP,Tecnologia da Informação,2024,plr,,extraido_para_revisao,pdf_cct,PDF da CCT,"CLÁUSULA DÉCIMA SEXTA - PARTICIPAÇÃO NOS LUCROS OU RESULTADOS. As Empresas terão o prazo de até 120 (cento e vinte) dias, contados do dia da assinatura da presente CONVENÇÃO COLETIVA DE TRABALHO, para apresentar ao SINDPD, por via eletronica ou por ofício, pedido de abertura de negociação que vise a implantação de programa de participação dos empregados nos lucros e/ou resultados, de que trata a lei 10.101/00, alterada pela lei nº 12.832/13. Í Ã www3.mte.gov.br/sistemas/mediador/Resumo/ResumoVisualizar?NrSolicitacao=MR001707/2024&CNPJ=55537666000175&CEI= 4/20 07/05/2024, 18:41 Mediador - Extra…",2026-06-15,Cláusula de PLR encontrada; valor/regra específica requer revisão,,média,validar,validar,validar,,,,
REG-SP-SINDPD-2024,SP,Sindpd SP,Tecnologia da Informação,2024,hora_extra,,extraido_para_revisao,pdf_cct,PDF da CCT,"CLÁUSULA DÉCIMA SEGUNDA - HORA EXTRAORDINÁRIA. A remuneração adicional por hora extraordinária será de 75% (setenta e cinco por cento) do salário-hora, nos dias úteis, para as primeiras 2 (duas) horas após a jornada normal de trabalho. Se por motivo de força maior for exigida do trabalhador uma sobrejornada mais elástica, as horas excedentes de 2 (duas) horas serão remuneradas com o adicional de 100% (cem por cento). www3.mte.gov.br/sistemas/mediador/Resumo/ResumoVisualizar?NrSolicitacao=MR001707/2024&CNPJ=55537666000175&CEI= 3/20 07/05/2024, 18:41 Mediador - Extrato Convenção Coletiva Parágra…",2026-06-15,"Percentuais diferentes para dias úteis, sábados, domingos e feriados",,média,validar,validar,validar,,,,
REG-SP-SINDPD-2024,SP,Sindpd SP,Tecnologia da Informação,2024,sobreaviso,,extraido_para_revisao,pdf_cct,PDF da CCT,"CLÁUSULA DÉCIMA QUARTA - ADICIONAL DE SOBREAVISO. A todos os empregados que ficarem à disposição da Empresa, nos períodos fora da jornada normal de trabalho, será assegurado o pagamento de 1/3 (um terço) da hora normal por hora de sobreaviso. Parágrafo 1º - Caso o sobreaviso resulte em trabalho efetivo, a remuneração deverá ser efetuada conforme a Cláusula ""Hora Extraordinária"" e seus parágrafos, desta CONVENÇÃO COLETIVA DE TRABALHO. Parágrafo 2º - O sobreaviso, seu início e seu fim deverão ser comunicados por escrito ao empregado. OUTROS ADICIONAIS",2026-06-15,,,média,validar,validar,validar,,,,
REG-SP-SINDPD-2024,SP,Sindpd SP,Tecnologia da Informação,2024,jornada,30.0,extraido_para_revisao,pdf_cct,PDF da CCT,"CLÁUSULA TRIGÉSIMA OITAVA - JORNADA DE TRABALHO. A duração da jornada de trabalho dos digitadores será de 30 (trinta) horas semanais e dos demais empregados será de 40 (quarenta) horas semanais. Parágrafo 1º - Os digitadores terão um descanso de 10 (dez) minutos a cada 50 (cinquenta) minutos trabalhados, cujos intervalos de repouso serão computados na duração da jornada de trabalho para todos os fins e efeitos. Parágrafo 2º - Fica autorizado às empresas abrangidas por esta CONVENÇÃO COLETIVA DE TRABALHO o trabalho aos domingos e feriados, conforme a lei n.º 11.603/2007. A) As horas trabalhadas…",2026-06-15,"Múltiplas jornadas identificadas: 30.0, 40.0h/sem; Horas diárias não calculadas: regime não identificável","[""30h/semana"", ""40h/semana""]",média,validar,validar,validar,30.0,,,
REG-SP-SINTETEL-2024,SP,Sintetel SP,Telecomunicações,2024,piso_salarial,1412.0,conflito,pdf_cct,PDF da CCT,"CLÁUSULA TERCEIRA - PISO SALARIAL PISO SALARIAL Fica convencionado que o piso salarial mensal será de R$ 1.412,00 (mil, quatrocentos e doze reais), a partir de 01/05/2024, sempre considerando a carga horária mensal de 180 (cento e oitenta) horas. Parágrafo Primeiro: Para os TRABALHADORES com jornada inferior a 180 (cento e oitenta) horas mensais, o salário deverá observar proporcionalmente o piso estabelecido no “caput”. Parágrafo Segundo: Nos valores acima, não está sendo considerada a remuneração variável. Parágrafo Terceiro (ABONO PISO SALARIAL): Será concedido um abono indenizatório no val…",2026-06-15,"Múltiplos valores identificados: 1412.0, 368.0",,alta,revisar_conflito,marcar_conflito,marcar_conflito,1412.0,,,
REG-SP-SINTETEL-2024,SP,Sintetel SP,Telecomunicações,2024,adicional_noturno,,conflito,pdf_cct,PDF da CCT,"CLÁUSULA DÉCIMA - HORA NOTURNA HORA NOTURNA O trabalho noturno será remunerado com acréscimo de 20% (vinte por cento), entendendo-se como tal, o trabalho realizado das 22:00 (vinte e duas) horas de um dia até as 5:00 (cinco) horas do dia seguinte, computando-se, para tanto, a hora de trabalho a cada 52:30 (cinquenta e dois minutos e trinta segundos), nos termos do artigo 73 da CLT, ou aplicação do percentual de 37,14% (trinta e sete vírgula quatorze por cento) sobre a hora normal, como forma alternativa. Comissões",2026-06-15,"Múltiplos valores identificados: 20.0, 37.14",,alta,revisar_conflito,marcar_conflito,marcar_conflito,,,,
REG-SP-SINTETEL-2024,SP,Sintetel SP,Telecomunicações,2024,auxilio_alimentacao,21.25,conflito,pdf_cct,PDF da CCT,"CLÁUSULA DÉCIMA TERCEIRA - AUXÍLIO LANCHE/VALE REFEIÇÃO/CESTA BÁSICA AUXÍLIO LANCHE/VALE REFEIÇÃO/CESTA BÁSICA A EMPRESA fornecerá aos TRABALHADORES que estiverem no exercício de suas atividades regulares, e para os dias efetivamente trabalhados, vales-refeição ou alimentação por mês, nos seguintes valores faciais, conforme abaixo: Parágrafo Primeiro: Vale refeição no valor de R$ 21,25 (vinte e um reais e vinte e cinco centavos) a partir de maio/2024 e R$ 21,82 (vinte e um reais e oitenta e dois centavos) a partir de agosto/2024, por dia efetivamente trabalhado, aos TRABALHADORES contratados c…",2026-06-15,"Múltiplos valores identificados: 21.25, 21.82, 11.58, 11.89, 9.74, 10.0",,alta,revisar_conflito,marcar_conflito,marcar_conflito,21.25,,,
REG-SP-SINTETEL-2024,SP,Sintetel SP,Telecomunicações,2024,plr,,extraido_para_revisao,pdf_cct,PDF da CCT,"CLÁUSULA DÉCIMA SEGUNDA - PROGRAMA DE PARTICIPAÇÃO NOS LUCROS E RESULTADOS PROGRAMA DE PARTICIPAÇÃO NOS LUCROS E RESULTADOS A EMPRESA iniciará a negociação do PPR/PLR 2024 com o SINTETEL em até de 60 (sessenta) dias após a assinatura do presente Instrumento. Parágrafo Primeiro: Para as EMPRESAS que não firmaram Acordo específico de PPR/PLR 2023, será concedido aos trabalhadores elegíveis, participação nos lucros ou resultados, equivalente à 10% (dez por cento) do salário base referência 31/12/2023, proporcional ao tempo de trabalho em 2023, devendo ser pago até o quinto dia útil do mês de maio…",2026-06-15,,,média,validar,validar,validar,,,,
REG-SP-SINTETEL-2024,SP,Sintetel SP,Telecomunicações,2024,hora_extra,,extraido_para_revisao,pdf_cct,PDF da CCT,"CLÁUSULA NONA - DAS HORAS EXTRAORDINÁRIAS DAS HORAS EXTRAORDINÁRIAS As horas extraordinárias trabalhadas de segunda a sábado, serão remuneradas com o adicional de 50% (cinquenta por cento) sobre o valor da hora normal. Parágrafo Primeiro: Na hipótese de ocorrer trabalho em dia de repouso, feriados ou domingos, a remuneração será acrescida com o adicional de 100% (cem por cento). Parágrafo Segundo: As horas extras habituais serão integradas para fins de cálculo de férias, 13º (décimo terceiro) salário, DSR’s e demais verbas de cunho salarial, sendo que para o cálculo das férias, 13º (décimo ter…",2026-06-15,"Percentuais diferentes para dias úteis, sábados, domingos e feriados",,média,validar,validar,validar,,,,
REG-SP-SINTETEL-2024,SP,Sintetel SP,Telecomunicações,2024,sobreaviso,,pendente_revisao,nao_identificado_pdf,,,2026-06-15,Cláusula de sobreaviso não localizada no PDF,,baixa,buscar_fonte,buscar_fonte,buscar_fonte,,,,
REG-SP-SINTETEL-2024,SP,Sintetel SP,Telecomunicações,2024,jornada,36.0,extraido_para_revisao,pdf_cct,PDF da CCT,"CLÁUSULA TRIGÉSIMA QUINTA - JORNADA DE TRABALHO JORNADA DE TRABALHO A duração da jornada de trabalho dos TRABALHADORES operadores em Teleatendimento, em regime de escala de revezamento, cuja implementação a critério da EMPRESA fica autorizada, será de 36 (trinta e seis) horas semanais, sendo de seis horas diárias. Parágrafo Primeiro: Observado o artigo 386 da CLT, os TRABALHADORES operadores terão uma folga semanal, sendo essa folga, pelo menos uma vez por mês, concedida aos domingos. Parágrafo Segundo: As partes dão-se por cientes de que está autorizado o trabalho aos domingos, nos termos do …",2026-06-15,Horas diárias não calculadas: regime não identificável,"[""36h/semana""]",média,validar,validar,validar,36.0,,,
REG-TO-SINTRAESCO-2024,TO,Sintraesco TO,Processamento de Dados,2024,piso_salarial,,pendente_revisao,nao_identificado_pdf,,,2026-06-15,Extração de PDF falhou: pdf_sem_texto. Extração de PDF falhou: erro_pdftotext. Extração de PDF falhou: pdf_sem_texto. Extração de PDF falhou: pdf_sem_texto. Extração de PDF falhou: pdf_sem_texto,,alta,buscar_fonte,buscar_fonte,buscar_fonte,,,,
REG-TO-SINTRAESCO-2024,TO,Sintraesco TO,Processamento de Dados,2024,adicional_noturno,,pendente_revisao,nao_identificado_pdf,,,2026-06-15,Extração de PDF falhou: pdf_sem_texto. Extração de PDF falhou: erro_pdftotext. Extração de PDF falhou: pdf_sem_texto. Extração de PDF falhou: pdf_sem_texto. Extração de PDF falhou: pdf_sem_texto,,alta,buscar_fonte,buscar_fonte,buscar_fonte,,,,
REG-TO-SINTRAESCO-2024,TO,Sintraesco TO,Processamento de Dados,2024,auxilio_alimentacao,,pendente_revisao,nao_identificado_pdf,,,2026-06-15,Extração de PDF falhou: pdf_sem_texto. Extração de PDF falhou: erro_pdftotext. Extração de PDF falhou: pdf_sem_texto. Extração de PDF falhou: pdf_sem_texto. Extração de PDF falhou: pdf_sem_texto,,baixa,buscar_fonte,buscar_fonte,buscar_fonte,,,,
REG-TO-SINTRAESCO-2024,TO,Sintraesco TO,Processamento de Dados,2024,plr,,pendente_revisao,nao_identificado_pdf,,,2026-06-15,Extração de PDF falhou: pdf_sem_texto. Extração de PDF falhou: erro_pdftotext. Extração de PDF falhou: pdf_sem_texto. Extração de PDF falhou: pdf_sem_texto. Extração de PDF falhou: pdf_sem_texto,,baixa,buscar_fonte,buscar_fonte,buscar_fonte,,,,
REG-TO-SINTRAESCO-2024,TO,Sintraesco TO,Processamento de Dados,2024,hora_extra,,pendente_revisao,nao_identificado_pdf,,,2026-06-15,Extração de PDF falhou: pdf_sem_texto. Extração de PDF falhou: erro_pdftotext. Extração de PDF falhou: pdf_sem_texto. Extração de PDF falhou: pdf_sem_texto. Extração de PDF falhou: pdf_sem_texto,,alta,buscar_fonte,buscar_fonte,buscar_fonte,,,,
REG-TO-SINTRAESCO-2024,TO,Sintraesco TO,Processamento de Dados,2024,sobreaviso,,pendente_revisao,nao_identificado_pdf,,,2026-06-15,Extração de PDF falhou: pdf_sem_texto. Extração de PDF falhou: erro_pdftotext. Extração de PDF falhou: pdf_sem_texto. Extração de PDF falhou: pdf_sem_texto. Extração de PDF falhou: pdf_sem_texto,,baixa,buscar_fonte,buscar_fonte,buscar_fonte,,,,
REG-TO-SINTRAESCO-2024,TO,Sintraesco TO,Processamento de Dados,2024,jornada,,pendente_revisao,nao_identificado_pdf,,,2026-06-15,Extração de PDF falhou: pdf_sem_texto. Extração de PDF falhou: erro_pdftotext. Extração de PDF falhou: pdf_sem_texto. Extração de PDF falhou: pdf_sem_texto. Extração de PDF falhou: pdf_sem_texto,,alta,buscar_fonte,buscar_fonte,buscar_fonte,,,,
PEND-AL-SINDPD,AL,Sindpd,,,piso_salarial,,pendente_revisao,nao_identificado_pdf,,,2026-06-15,Extração de PDF falhou: arquivo_ausente. Extração de PDF falhou: arquivo_ausente. Extração de PDF falhou: arquivo_ausente. Extração de PDF falhou: arquivo_ausente. Extração de PDF falhou: arquivo_ausente,,alta,buscar_fonte,buscar_fonte,buscar_fonte,,,,
PEND-AL-SINDPD,AL,Sindpd,,,adicional_noturno,,pendente_revisao,nao_identificado_pdf,,,2026-06-15,Extração de PDF falhou: arquivo_ausente. Extração de PDF falhou: arquivo_ausente. Extração de PDF falhou: arquivo_ausente. Extração de PDF falhou: arquivo_ausente. Extração de PDF falhou: arquivo_ausente,,alta,buscar_fonte,buscar_fonte,buscar_fonte,,,,
PEND-AL-SINDPD,AL,Sindpd,,,auxilio_alimentacao,,pendente_revisao,nao_identificado_pdf,,,2026-06-15,Extração de PDF falhou: arquivo_ausente. Extração de PDF falhou: arquivo_ausente. Extração de PDF falhou: arquivo_ausente. Extração de PDF falhou: arquivo_ausente. Extração de PDF falhou: arquivo_ausente,,baixa,buscar_fonte,buscar_fonte,buscar_fonte,,,,
PEND-AL-SINDPD,AL,Sindpd,,,plr,,pendente_revisao,nao_identificado_pdf,,,2026-06-15,Extração de PDF falhou: arquivo_ausente. Extração de PDF falhou: arquivo_ausente. Extração de PDF falhou: arquivo_ausente. Extração de PDF falhou: arquivo_ausente. Extração de PDF falhou: arquivo_ausente,,baixa,buscar_fonte,buscar_fonte,buscar_fonte,,,,
PEND-AL-SINDPD,AL,Sindpd,,,hora_extra,,pendente_revisao,nao_identificado_pdf,,,2026-06-15,Extração de PDF falhou: arquivo_ausente. Extração de PDF falhou: arquivo_ausente. Extração de PDF falhou: arquivo_ausente. Extração de PDF falhou: arquivo_ausente. Extração de PDF falhou: arquivo_ausente,,alta,buscar_fonte,buscar_fonte,buscar_fonte,,,,
PEND-AL-SINDPD,AL,Sindpd,,,sobreaviso,,pendente_revisao,nao_identificado_pdf,,,2026-06-15,Extração de PDF falhou: arquivo_ausente. Extração de PDF falhou: arquivo_ausente. Extração de PDF falhou: arquivo_ausente. Extração de PDF falhou: arquivo_ausente. Extração de PDF falhou: arquivo_ausente,,baixa,buscar_fonte,buscar_fonte,buscar_fonte,,,,
PEND-AL-SINDPD,AL,Sindpd,,,jornada,,pendente_revisao,nao_identificado_pdf,,,2026-06-15,Extração de PDF falhou: arquivo_ausente. Extração de PDF falhou: arquivo_ausente. Extração de PDF falhou: arquivo_ausente. Extração de PDF falhou: arquivo_ausente. Extração de PDF falhou: arquivo_ausente,,alta,buscar_fonte,buscar_fonte,buscar_fonte,,,,
PEND-MG-FINATI,MG,FINATI,,,piso_salarial,,pendente_revisao,nao_identificado_pdf,,,2026-06-15,Cláusula de piso salarial não localizada no PDF,,alta,buscar_fonte,buscar_fonte,buscar_fonte,,,,
PEND-MG-FINATI,MG,FINATI,,,adicional_noturno,,pendente_revisao,nao_identificado_pdf,,,2026-06-15,Cláusula de adicional noturno não localizada no PDF,,alta,buscar_fonte,buscar_fonte,buscar_fonte,,,,
PEND-MG-FINATI,MG,FINATI,,,auxilio_alimentacao,,pendente_revisao,nao_identificado_pdf,,,2026-06-15,Cláusula de auxílio alimentação não localizada no PDF,,baixa,buscar_fonte,buscar_fonte,buscar_fonte,,,,
PEND-MG-FINATI,MG,FINATI,,,plr,,pendente_revisao,nao_identificado_pdf,,,2026-06-15,Cláusula de PLR não localizada no PDF,,baixa,buscar_fonte,buscar_fonte,buscar_fonte,,,,
PEND-MG-FINATI,MG,FINATI,,,hora_extra,,pendente_revisao,nao_identificado_pdf,,,2026-06-15,Cláusula de hora extra não localizada no PDF,,alta,buscar_fonte,buscar_fonte,buscar_fonte,,,,
PEND-MG-FINATI,MG,FINATI,,,sobreaviso,,pendente_revisao,nao_identificado_pdf,,,2026-06-15,Cláusula de sobreaviso não localizada no PDF,,baixa,buscar_fonte,buscar_fonte,buscar_fonte,,,,
PEND-MG-FINATI,MG,FINATI,,,jornada,,pendente_revisao,nao_identificado_pdf,,,2026-06-15,Cláusula de jornada de trabalho não localizada no PDF,,alta,buscar_fonte,buscar_fonte,buscar_fonte,,,,
PEND-MG-SENALBA,MG,Senalba,,,piso_salarial,,pendente_revisao,nao_identificado_pdf,,,2026-06-15,Cláusula de piso salarial não localizada no PDF,,alta,buscar_fonte,buscar_fonte,buscar_fonte,,,,
PEND-MG-SENALBA,MG,Senalba,,,adicional_noturno,,extraido_para_revisao,pdf_cct,PDF da CCT,"CLÁUSULA SÉTIMA - ADICIONAL NOTURNO A remuneração do trabalho noturno será acrescida do adicional de 25% (vinte e cinco por cento), para fins do art. 73 da CLT. AUXÍLIO ALIMENTAÇÃO",2026-06-15,,,média,validar,validar,validar,,,,
PEND-MG-SENALBA,MG,Senalba,,,auxilio_alimentacao,,pendente_revisao,nao_identificado_pdf,,,2026-06-15,Cláusula de auxílio alimentação não localizada no PDF,,baixa,buscar_fonte,buscar_fonte,buscar_fonte,,,,
PEND-MG-SENALBA,MG,Senalba,,,plr,,pendente_revisao,nao_identificado_pdf,,,2026-06-15,Cláusula de PLR não localizada no PDF,,baixa,buscar_fonte,buscar_fonte,buscar_fonte,,,,
PEND-MG-SENALBA,MG,Senalba,,,hora_extra,,pendente_revisao,nao_identificado_pdf,,,2026-06-15,Cláusula de hora extra não localizada no PDF,,alta,buscar_fonte,buscar_fonte,buscar_fonte,,,,
PEND-MG-SENALBA,MG,Senalba,,,sobreaviso,,pendente_revisao,nao_identificado_pdf,,,2026-06-15,Cláusula de sobreaviso não localizada no PDF,,baixa,buscar_fonte,buscar_fonte,buscar_fonte,,,,
PEND-MG-SENALBA,MG,Senalba,,,jornada,,pendente_revisao,nao_identificado_pdf,,,2026-06-15,Cláusula de jornada de trabalho não localizada no PDF,,alta,buscar_fonte,buscar_fonte,buscar_fonte,,,,
PEND-MT-SINTTEL,MT,Sinttel,,,piso_salarial,2149.06,extraido_para_revisao,pdf_cct,PDF da CCT,"CLÁUSULA TERCEIRA - REAJUSTE E PISO SALARIAL Os salários dos empregados abrangidos pela presente convenção coletiva de trabalho serão reajustados em 01/05/2025, pelo percentual de 9% (Nove por cento) retroativo a data base. Parágrafo Primeiro: O salário-mínimo da categoria, vigente a partir de 1º de maio de 2025, será de R$ 2.149,06. Parágrafo Segundo: O piso salarial, a assiduidade e todos os benefícios previstos nesta negociação coletiva devem ser estendidos a todos os empregados da categoria sem exceções sob pena de aplicação das multas previstas nesta CCT e legislação laboral pertinente. P…",2026-06-15,,,média,validar,validar,validar,2149.06,,,
PEND-MT-SINTTEL,MT,Sinttel,,,adicional_noturno,,pendente_revisao,nao_identificado_pdf,,,2026-06-15,Cláusula de adicional noturno não localizada no PDF,,alta,buscar_fonte,buscar_fonte,buscar_fonte,,,,
PEND-MT-SINTTEL,MT,Sinttel,,,auxilio_alimentacao,55.0,conflito,pdf_cct,PDF da CCT,"CLÁUSULA SÉTIMA - AUXÍLIO ALIMENTAÇÃO As empresas ficam obrigadas a conceder aos seus empregados, nos dias efetivamente trabalhados, o auxílio alimentação. A presente parcela não integra os salários, por não ter caráter de contraprestação de serviços. Parágrafo Primeiro: O valor facial do tíquete, para os empregados que trabalham até 180 (cento e oitenta) horas, o valor será de R$ 55,00 (cinquenta e cinco reais), e para os empregados que trabalham até 200 (duzentas) horas, o valor será de R$ 60,00 (sessenta reais). Parágrafo segundo A participação dos empregados filiados ao sindicato laboral S…",2026-06-15,"Múltiplos valores identificados: 55.0, 60.0",,alta,revisar_conflito,marcar_conflito,marcar_conflito,55.0,,,
PEND-MT-SINTTEL,MT,Sinttel,,,plr,,pendente_revisao,nao_identificado_pdf,,,2026-06-15,Cláusula de PLR não localizada no PDF,,baixa,buscar_fonte,buscar_fonte,buscar_fonte,,,,
PEND-MT-SINTTEL,MT,Sinttel,,,hora_extra,,extraido_para_revisao,pdf_cct,PDF da CCT,"CLÁUSULA SEXTA - ADICIONAL DE HORAS EXTRAS As dobras, assim entendidas duplicação de jornadas eventuais, serão remuneradas em 70% (setenta por cento) acima do valor da hora normal de segunda a sábado e aos domingos e feriados 120% (cento e vinte por cento). Auxílio Alimentação",2026-06-15,"Percentuais diferentes para dias úteis, sábados, domingos e feriados",,média,validar,validar,validar,,,,
PEND-MT-SINTTEL,MT,Sinttel,,,sobreaviso,,pendente_revisao,nao_identificado_pdf,,,2026-06-15,Cláusula de sobreaviso não localizada no PDF,,baixa,buscar_fonte,buscar_fonte,buscar_fonte,,,,
PEND-MT-SINTTEL,MT,Sinttel,,,jornada,,pendente_revisao,nao_identificado_pdf,,,2026-06-15,Cláusula de jornada de trabalho não localizada no PDF,,alta,buscar_fonte,buscar_fonte,buscar_fonte,,,,
PEND-PB-SESCON,PB,Sescon,,,piso_salarial,,pendente_revisao,nao_identificado_pdf,,,2026-06-15,Extração de PDF falhou: pdf_sem_texto. Extração de PDF falhou: erro_pdftotext. Extração de PDF falhou: pdf_sem_texto. Extração de PDF falhou: pdf_sem_texto. Extração de PDF falhou: pdf_sem_texto,,alta,buscar_fonte,buscar_fonte,buscar_fonte,,,,
PEND-PB-SESCON,PB,Sescon,,,adicional_noturno,,pendente_revisao,nao_identificado_pdf,,,2026-06-15,Extração de PDF falhou: pdf_sem_texto. Extração de PDF falhou: erro_pdftotext. Extração de PDF falhou: pdf_sem_texto. Extração de PDF falhou: pdf_sem_texto. Extração de PDF falhou: pdf_sem_texto,,alta,buscar_fonte,buscar_fonte,buscar_fonte,,,,
PEND-PB-SESCON,PB,Sescon,,,auxilio_alimentacao,,pendente_revisao,nao_identificado_pdf,,,2026-06-15,Extração de PDF falhou: pdf_sem_texto. Extração de PDF falhou: erro_pdftotext. Extração de PDF falhou: pdf_sem_texto. Extração de PDF falhou: pdf_sem_texto. Extração de PDF falhou: pdf_sem_texto,,baixa,buscar_fonte,buscar_fonte,buscar_fonte,,,,
PEND-PB-SESCON,PB,Sescon,,,plr,,pendente_revisao,nao_identificado_pdf,,,2026-06-15,Extração de PDF falhou: pdf_sem_texto. Extração de PDF falhou: erro_pdftotext. Extração de PDF falhou: pdf_sem_texto. Extração de PDF falhou: pdf_sem_texto. Extração de PDF falhou: pdf_sem_texto,,baixa,buscar_fonte,buscar_fonte,buscar_fonte,,,,
PEND-PB-SESCON,PB,Sescon,,,hora_extra,,pendente_revisao,nao_identificado_pdf,,,2026-06-15,Extração de PDF falhou: pdf_sem_texto. Extração de PDF falhou: erro_pdftotext. Extração de PDF falhou: pdf_sem_texto. Extração de PDF falhou: pdf_sem_texto. Extração de PDF falhou: pdf_sem_texto,,alta,buscar_fonte,buscar_fonte,buscar_fonte,,,,
PEND-PB-SESCON,PB,Sescon,,,sobreaviso,,pendente_revisao,nao_identificado_pdf,,,2026-06-15,Extração de PDF falhou: pdf_sem_texto. Extração de PDF falhou: erro_pdftotext. Extração de PDF falhou: pdf_sem_texto. Extração de PDF falhou: pdf_sem_texto. Extração de PDF falhou: pdf_sem_texto,,baixa,buscar_fonte,buscar_fonte,buscar_fonte,,,,
PEND-PB-SESCON,PB,Sescon,,,jornada,,pendente_revisao,nao_identificado_pdf,,,2026-06-15,Extração de PDF falhou: pdf_sem_texto. Extração de PDF falhou: erro_pdftotext. Extração de PDF falhou: pdf_sem_texto. Extração de PDF falhou: pdf_sem_texto. Extração de PDF falhou: pdf_sem_texto,,alta,buscar_fonte,buscar_fonte,buscar_fonte,,,,
PEND-PE-SINTAPPI,PE,Sintappi,,,piso_salarial,,pendente_revisao,nao_identificado_pdf,,,2026-06-15,Extração de PDF falhou: pdf_sem_texto. Extração de PDF falhou: erro_pdftotext. Extração de PDF falhou: pdf_sem_texto. Extração de PDF falhou: pdf_sem_texto. Extração de PDF falhou: pdf_sem_texto,,alta,buscar_fonte,buscar_fonte,buscar_fonte,,,,
PEND-PE-SINTAPPI,PE,Sintappi,,,adicional_noturno,,pendente_revisao,nao_identificado_pdf,,,2026-06-15,Extração de PDF falhou: pdf_sem_texto. Extração de PDF falhou: erro_pdftotext. Extração de PDF falhou: pdf_sem_texto. Extração de PDF falhou: pdf_sem_texto. Extração de PDF falhou: pdf_sem_texto,,alta,buscar_fonte,buscar_fonte,buscar_fonte,,,,
PEND-PE-SINTAPPI,PE,Sintappi,,,auxilio_alimentacao,,pendente_revisao,nao_identificado_pdf,,,2026-06-15,Extração de PDF falhou: pdf_sem_texto. Extração de PDF falhou: erro_pdftotext. Extração de PDF falhou: pdf_sem_texto. Extração de PDF falhou: pdf_sem_texto. Extração de PDF falhou: pdf_sem_texto,,baixa,buscar_fonte,buscar_fonte,buscar_fonte,,,,
PEND-PE-SINTAPPI,PE,Sintappi,,,plr,,pendente_revisao,nao_identificado_pdf,,,2026-06-15,Extração de PDF falhou: pdf_sem_texto. Extração de PDF falhou: erro_pdftotext. Extração de PDF falhou: pdf_sem_texto. Extração de PDF falhou: pdf_sem_texto. Extração de PDF falhou: pdf_sem_texto,,baixa,buscar_fonte,buscar_fonte,buscar_fonte,,,,
PEND-PE-SINTAPPI,PE,Sintappi,,,hora_extra,,pendente_revisao,nao_identificado_pdf,,,2026-06-15,Extração de PDF falhou: pdf_sem_texto. Extração de PDF falhou: erro_pdftotext. Extração de PDF falhou: pdf_sem_texto. Extração de PDF falhou: pdf_sem_texto. Extração de PDF falhou: pdf_sem_texto,,alta,buscar_fonte,buscar_fonte,buscar_fonte,,,,
PEND-PE-SINTAPPI,PE,Sintappi,,,sobreaviso,,pendente_revisao,nao_identificado_pdf,,,2026-06-15,Extração de PDF falhou: pdf_sem_texto. Extração de PDF falhou: erro_pdftotext. Extração de PDF falhou: pdf_sem_texto. Extração de PDF falhou: pdf_sem_texto. Extração de PDF falhou: pdf_sem_texto,,baixa,buscar_fonte,buscar_fonte,buscar_fonte,,,,
PEND-PE-SINTAPPI,PE,Sintappi,,,jornada,,pendente_revisao,nao_identificado_pdf,,,2026-06-15,Extração de PDF falhou: pdf_sem_texto. Extração de PDF falhou: erro_pdftotext. Extração de PDF falhou: pdf_sem_texto. Extração de PDF falhou: pdf_sem_texto. Extração de PDF falhou: pdf_sem_texto,,alta,buscar_fonte,buscar_fonte,buscar_fonte,,,,
PEND-PE-SINTTEL,PE,Sinttel,,,piso_salarial,,pendente_revisao,nao_identificado_pdf,,,2026-06-15,Extração de PDF falhou: pdf_sem_texto. Extração de PDF falhou: erro_pdftotext. Extração de PDF falhou: pdf_sem_texto. Extração de PDF falhou: pdf_sem_texto. Extração de PDF falhou: pdf_sem_texto,,alta,buscar_fonte,buscar_fonte,buscar_fonte,,,,
PEND-PE-SINTTEL,PE,Sinttel,,,adicional_noturno,,pendente_revisao,nao_identificado_pdf,,,2026-06-15,Extração de PDF falhou: pdf_sem_texto. Extração de PDF falhou: erro_pdftotext. Extração de PDF falhou: pdf_sem_texto. Extração de PDF falhou: pdf_sem_texto. Extração de PDF falhou: pdf_sem_texto,,alta,buscar_fonte,buscar_fonte,buscar_fonte,,,,
PEND-PE-SINTTEL,PE,Sinttel,,,auxilio_alimentacao,,pendente_revisao,nao_identificado_pdf,,,2026-06-15,Extração de PDF falhou: pdf_sem_texto. Extração de PDF falhou: erro_pdftotext. Extração de PDF falhou: pdf_sem_texto. Extração de PDF falhou: pdf_sem_texto. Extração de PDF falhou: pdf_sem_texto,,baixa,buscar_fonte,buscar_fonte,buscar_fonte,,,,
PEND-PE-SINTTEL,PE,Sinttel,,,plr,,pendente_revisao,nao_identificado_pdf,,,2026-06-15,Extração de PDF falhou: pdf_sem_texto. Extração de PDF falhou: erro_pdftotext. Extração de PDF falhou: pdf_sem_texto. Extração de PDF falhou: pdf_sem_texto. Extração de PDF falhou: pdf_sem_texto,,baixa,buscar_fonte,buscar_fonte,buscar_fonte,,,,
PEND-PE-SINTTEL,PE,Sinttel,,,hora_extra,,pendente_revisao,nao_identificado_pdf,,,2026-06-15,Extração de PDF falhou: pdf_sem_texto. Extração de PDF falhou: erro_pdftotext. Extração de PDF falhou: pdf_sem_texto. Extração de PDF falhou: pdf_sem_texto. Extração de PDF falhou: pdf_sem_texto,,alta,buscar_fonte,buscar_fonte,buscar_fonte,,,,
PEND-PE-SINTTEL,PE,Sinttel,,,sobreaviso,,pendente_revisao,nao_identificado_pdf,,,2026-06-15,Extração de PDF falhou: pdf_sem_texto. Extração de PDF falhou: erro_pdftotext. Extração de PDF falhou: pdf_sem_texto. Extração de PDF falhou: pdf_sem_texto. Extração de PDF falhou: pdf_sem_texto,,baixa,buscar_fonte,buscar_fonte,buscar_fonte,,,,
PEND-PE-SINTTEL,PE,Sinttel,,,jornada,,pendente_revisao,nao_identificado_pdf,,,2026-06-15,Extração de PDF falhou: pdf_sem_texto. Extração de PDF falhou: erro_pdftotext. Extração de PDF falhou: pdf_sem_texto. Extração de PDF falhou: pdf_sem_texto. Extração de PDF falhou: pdf_sem_texto,,alta,buscar_fonte,buscar_fonte,buscar_fonte,,,,
PEND-PI-SINTTEL,PI,Sinttel,,,piso_salarial,1412.0,extraido_para_revisao,pdf_cct,PDF da CCT,"CLÁUSULA TERCEIRA - PISO SALARIAL https://www3.mte.gov.br/sistemas/mediador/Resumo/ResumoVisualizar?nrSolicitacao=MR058539/2024 1/21 10/01/2025, 15:21 Mediador - Extrato Convenção Coletiva Fica estipulado o piso salarial mensal de R$1.412,00 (mil, quatrocentos e doze reais) a partir de 01/01/2024, considerando a carga horária mensal de 180 horas. Parágrafo Primeiro: Para os trabalhadores com jornada inferior a 180 (cento e oitenta) horas mensais, o salário deverá observar proporcionalmente o piso estabelecido no “caput”. Parágrafo Segundo: Nos valores acima não está sendo considerada a remuner…",2026-06-15,,,média,validar,validar,validar,1412.0,,,
PEND-PI-SINTTEL,PI,Sinttel,,,adicional_noturno,,conflito,pdf_cct,PDF da CCT,"CLÁUSULA DÉCIMA - HORA NOTURNA https://www3.mte.gov.br/sistemas/mediador/Resumo/ResumoVisualizar?nrSolicitacao=MR058539/2024 3/21 10/01/2025, 15:21 Mediador - Extrato Convenção Coletiva O trabalho noturno será remunerado com acréscimo de 20% (vinte por cento), entendendo-se como tal o trabalho realizado das 22:00 horas de um dia até as 5:00 horas do dia seguinte, computando-se, para tanto, a hora de trabalho a cada 52:30 minutos, nos termo do artigo 73 da CLT. Parágrafo Único: No caso de não haver redução de jornada, o empregado receberá as horas trabalhadas em horas noturnas com o adicional d…",2026-06-15,"Múltiplos valores identificados: 37.14, 20.0",,alta,revisar_conflito,marcar_conflito,marcar_conflito,,,,
PEND-PI-SINTTEL,PI,Sinttel,,,auxilio_alimentacao,6.89,conflito,pdf_cct,PDF da CCT,"CLÁUSULA DÉCIMA TERCEIRA - AUXÍLIO LANCHE / VALE REFEIÇÃO / CESTA BÁSICA As empresas fornecerão aos empregados que estiverem no exercício de suas atividades regulares, para os dias efetivamente trabalhados, vale-refeição ou alimentação por mês, nos seguintes valores faciais: Parágrafo Primeiro: O valor facial do vale refeição dos empregados contratados com jornada de 180 horas mensais, por dia efetivamente trabalhado, será de R$6,89 (seis reais e oitenta e nove centavos) a partir de 01/06/2024, passando para R$7,02 (sete reais e dois centavos) a partir de 01/09/2024. Parágrafo Segundo: O valor…",2026-06-15,"Múltiplos valores identificados: 6.89, 7.02, 10.85, 11.07",,alta,revisar_conflito,marcar_conflito,marcar_conflito,6.89,,,
PEND-PI-SINTTEL,PI,Sinttel,,,plr,120.0,extraido_para_revisao,pdf_cct,PDF da CCT,"CLÁUSULA DÉCIMA SEGUNDA - PROGRAMA DE PARTICIPAÇÃO NOS LUCROS OU RESULTADOS (PLR/PPR) As empresas terão 60 (sessenta) dias após a assinatura da presente Convenção Coletiva de Trabalho, para negociarem e ratificarem os Acordos Coletivos de PLR/PPR junto ao SINTTEL, devendo estabelecer as métricas e indicadores a serem utilizados. Parágrafo único: As empresas que não firmaram acordo de PPR/PLR no prazo compreendido nesta cláusula, pagarão como verba indenizatória a cada empregados, a importância mínima de R$120,00 (cento e vinte reais). AUXÍLIO ALIMENTAÇÃO",2026-06-15,,,média,validar,validar,validar,120.0,,,
PEND-PI-SINTTEL,PI,Sinttel,,,hora_extra,,extraido_para_revisao,pdf_cct,PDF da CCT,"CLÁUSULA NONA - HORAS EXTRAORDINÁRIAS As horas extraordinárias trabalhadas de segunda a sábado, serão remuneradas com o adicional de 50% (cinquenta por cento) sobre o valor da hora normal. Parágrafo Primeiro: Na hipótese de ocorrer trabalho em dia de repouso, feriados ou domingos, a remuneração será acrescida com o adicional de 100% (cem por cento). Parágrafo Segundo: As horas extras habituais serão integradas para fins de cálculo de férias, 13º salário, DSR’s e demais verbas de cunho salarial, sendo que para o cálculo das férias, 13º salário e demais verbas de cunho salarial, será considerada…",2026-06-15,"Percentuais diferentes para dias úteis, sábados, domingos e feriados",,média,validar,validar,validar,,,,
PEND-PI-SINTTEL,PI,Sinttel,,,sobreaviso,,pendente_revisao,nao_identificado_pdf,,,2026-06-15,Cláusula de sobreaviso não localizada no PDF,,baixa,buscar_fonte,buscar_fonte,buscar_fonte,,,,
PEND-PI-SINTTEL,PI,Sinttel,,,jornada,36.0,extraido_para_revisao,pdf_cct,PDF da CCT,"CLÁUSULA TRIGÉSIMA QUINTA - JORNADA DE TRABALHO A duração da jornada de trabalho dos trabalhadores operadores em Teleatendimento, em regime de escala de revezamento, cuja implementação a critério da empresa fica autorizada, será de 36 (trinta e seis) horas semanais, sendo de seis horas diárias. Parágrafo Primeiro: Os trabalhadores operadores terão uma folga semanal, sendo essa folga, pelo menos uma vez por mês, concedida aos domingos. Parágrafo Segundo: As partes dão-se por cientes de que está autorizado o trabalho aos domingos, nos termos do parágrafo único do artigo 67 da CLT, observada a es…",2026-06-15,Horas diárias não calculadas: regime não identificável,"[""36h/semana""]",média,validar,validar,validar,36.0,,,
PEND-RJ-FINATI-SIDIERJ-RJ,RJ,Finati Sidierj RJ,,,piso_salarial,,pendente_revisao,nao_identificado_pdf,,,2026-06-15,Cláusula de piso salarial não localizada no PDF,,alta,buscar_fonte,buscar_fonte,buscar_fonte,,,,
PEND-RJ-FINATI-SIDIERJ-RJ,RJ,Finati Sidierj RJ,,,adicional_noturno,,pendente_revisao,nao_identificado_pdf,,,2026-06-15,Cláusula de adicional noturno não localizada no PDF,,alta,buscar_fonte,buscar_fonte,buscar_fonte,,,,
PEND-RJ-FINATI-SIDIERJ-RJ,RJ,Finati Sidierj RJ,,,auxilio_alimentacao,,pendente_revisao,nao_identificado_pdf,,,2026-06-15,Cláusula de auxílio alimentação não localizada no PDF,,baixa,buscar_fonte,buscar_fonte,buscar_fonte,,,,
PEND-RJ-FINATI-SIDIERJ-RJ,RJ,Finati Sidierj RJ,,,plr,,pendente_revisao,nao_identificado_pdf,,,2026-06-15,Cláusula de PLR não localizada no PDF,,baixa,buscar_fonte,buscar_fonte,buscar_fonte,,,,
PEND-RJ-FINATI-SIDIERJ-RJ,RJ,Finati Sidierj RJ,,,hora_extra,,pendente_revisao,nao_identificado_pdf,,,2026-06-15,Cláusula de hora extra não localizada no PDF,,alta,buscar_fonte,buscar_fonte,buscar_fonte,,,,
PEND-RJ-FINATI-SIDIERJ-RJ,RJ,Finati Sidierj RJ,,,sobreaviso,,pendente_revisao,nao_identificado_pdf,,,2026-06-15,Cláusula de sobreaviso não localizada no PDF,,baixa,buscar_fonte,buscar_fonte,buscar_fonte,,,,
PEND-RJ-FINATI-SIDIERJ-RJ,RJ,Finati Sidierj RJ,,,jornada,,pendente_revisao,nao_identificado_pdf,,,2026-06-15,Cláusula de jornada de trabalho não localizada no PDF,,alta,buscar_fonte,buscar_fonte,buscar_fonte,,,,
PEND-RJ-SINDEAP,RJ,Sindeap,,,piso_salarial,,pendente_revisao,nao_identificado_pdf,,,2026-06-15,Extração de PDF falhou: pdf_sem_texto. Extração de PDF falhou: erro_pdftotext. Extração de PDF falhou: pdf_sem_texto. Extração de PDF falhou: pdf_sem_texto. Extração de PDF falhou: pdf_sem_texto,,alta,buscar_fonte,buscar_fonte,buscar_fonte,,,,
PEND-RJ-SINDEAP,RJ,Sindeap,,,adicional_noturno,,pendente_revisao,nao_identificado_pdf,,,2026-06-15,Extração de PDF falhou: pdf_sem_texto. Extração de PDF falhou: erro_pdftotext. Extração de PDF falhou: pdf_sem_texto. Extração de PDF falhou: pdf_sem_texto. Extração de PDF falhou: pdf_sem_texto,,alta,buscar_fonte,buscar_fonte,buscar_fonte,,,,
PEND-RJ-SINDEAP,RJ,Sindeap,,,auxilio_alimentacao,,pendente_revisao,nao_identificado_pdf,,,2026-06-15,Extração de PDF falhou: pdf_sem_texto. Extração de PDF falhou: erro_pdftotext. Extração de PDF falhou: pdf_sem_texto. Extração de PDF falhou: pdf_sem_texto. Extração de PDF falhou: pdf_sem_texto,,baixa,buscar_fonte,buscar_fonte,buscar_fonte,,,,
PEND-RJ-SINDEAP,RJ,Sindeap,,,plr,,pendente_revisao,nao_identificado_pdf,,,2026-06-15,Extração de PDF falhou: pdf_sem_texto. Extração de PDF falhou: erro_pdftotext. Extração de PDF falhou: pdf_sem_texto. Extração de PDF falhou: pdf_sem_texto. Extração de PDF falhou: pdf_sem_texto,,baixa,buscar_fonte,buscar_fonte,buscar_fonte,,,,
PEND-RJ-SINDEAP,RJ,Sindeap,,,hora_extra,,pendente_revisao,nao_identificado_pdf,,,2026-06-15,Extração de PDF falhou: pdf_sem_texto. Extração de PDF falhou: erro_pdftotext. Extração de PDF falhou: pdf_sem_texto. Extração de PDF falhou: pdf_sem_texto. Extração de PDF falhou: pdf_sem_texto,,alta,buscar_fonte,buscar_fonte,buscar_fonte,,,,
PEND-RJ-SINDEAP,RJ,Sindeap,,,sobreaviso,,pendente_revisao,nao_identificado_pdf,,,2026-06-15,Extração de PDF falhou: pdf_sem_texto. Extração de PDF falhou: erro_pdftotext. Extração de PDF falhou: pdf_sem_texto. Extração de PDF falhou: pdf_sem_texto. Extração de PDF falhou: pdf_sem_texto,,baixa,buscar_fonte,buscar_fonte,buscar_fonte,,,,
PEND-RJ-SINDEAP,RJ,Sindeap,,,jornada,,pendente_revisao,nao_identificado_pdf,,,2026-06-15,Extração de PDF falhou: pdf_sem_texto. Extração de PDF falhou: erro_pdftotext. Extração de PDF falhou: pdf_sem_texto. Extração de PDF falhou: pdf_sem_texto. Extração de PDF falhou: pdf_sem_texto,,alta,buscar_fonte,buscar_fonte,buscar_fonte,,,,
PEND-RJ-SINDITOB,RJ,Sinditob,,,piso_salarial,,pendente_revisao,nao_identificado_pdf,,,2026-06-15,Cláusula de piso salarial não localizada no PDF,,alta,buscar_fonte,buscar_fonte,buscar_fonte,,,,
PEND-RJ-SINDITOB,RJ,Sinditob,,,adicional_noturno,,pendente_revisao,nao_identificado_pdf,,,2026-06-15,Cláusula de adicional noturno não localizada no PDF,,alta,buscar_fonte,buscar_fonte,buscar_fonte,,,,
PEND-RJ-SINDITOB,RJ,Sinditob,,,auxilio_alimentacao,,pendente_revisao,nao_identificado_pdf,,,2026-06-15,Cláusula de auxílio alimentação não localizada no PDF,,baixa,buscar_fonte,buscar_fonte,buscar_fonte,,,,
PEND-RJ-SINDITOB,RJ,Sinditob,,,plr,,pendente_revisao,nao_identificado_pdf,,,2026-06-15,Cláusula de PLR não localizada no PDF,,baixa,buscar_fonte,buscar_fonte,buscar_fonte,,,,
PEND-RJ-SINDITOB,RJ,Sinditob,,,hora_extra,,pendente_revisao,nao_identificado_pdf,,,2026-06-15,Cláusula de hora extra não localizada no PDF,,alta,buscar_fonte,buscar_fonte,buscar_fonte,,,,
PEND-RJ-SINDITOB,RJ,Sinditob,,,sobreaviso,,pendente_revisao,nao_identificado_pdf,,,2026-06-15,Cláusula de sobreaviso não localizada no PDF,,baixa,buscar_fonte,buscar_fonte,buscar_fonte,,,,
PEND-RJ-SINDITOB,RJ,Sinditob,,,jornada,44.0,extraido_para_revisao,pdf_cct,PDF da CCT,"CLÁUSULA SÉTIMA - JORNADA DE TRABALHO Jornada de Trabalho, Duração e Horário §1- O regime de trabalho dos empregados offshore observará a jornada de 12 horas de trabalho por 12 horas de descanso, na forma da Lei 5.811/72, sendo 14 dias trabalhados por igual período de folga. I- A jornada de trabalho do empregado em embarque eventual e regime misto de trabalho, quando embarcado, será de 12 horas, conforme previsto no parágrafo primeiro desta Cláusula. Jornada Especial e Compensação (4x4) §2- A empresa poderá praticar a jornada de 11 horas diárias de trabalho efetivo, em turno ininterrupto de re…",2026-06-15,Horas diárias não calculadas: regime não identificável,"[""44h/semana""]",média,validar,validar,validar,44.0,,,
PEND-RO-SINTEPES,RO,Sintepes,,,piso_salarial,,pendente_revisao,nao_identificado_pdf,,,2026-06-15,Extração de PDF falhou: pdf_sem_texto. Extração de PDF falhou: erro_pdftotext. Extração de PDF falhou: pdf_sem_texto. Extração de PDF falhou: pdf_sem_texto. Extração de PDF falhou: pdf_sem_texto,,alta,buscar_fonte,buscar_fonte,buscar_fonte,,,,
PEND-RO-SINTEPES,RO,Sintepes,,,adicional_noturno,,pendente_revisao,nao_identificado_pdf,,,2026-06-15,Extração de PDF falhou: pdf_sem_texto. Extração de PDF falhou: erro_pdftotext. Extração de PDF falhou: pdf_sem_texto. Extração de PDF falhou: pdf_sem_texto. Extração de PDF falhou: pdf_sem_texto,,alta,buscar_fonte,buscar_fonte,buscar_fonte,,,,
PEND-RO-SINTEPES,RO,Sintepes,,,auxilio_alimentacao,,pendente_revisao,nao_identificado_pdf,,,2026-06-15,Extração de PDF falhou: pdf_sem_texto. Extração de PDF falhou: erro_pdftotext. Extração de PDF falhou: pdf_sem_texto. Extração de PDF falhou: pdf_sem_texto. Extração de PDF falhou: pdf_sem_texto,,baixa,buscar_fonte,buscar_fonte,buscar_fonte,,,,
PEND-RO-SINTEPES,RO,Sintepes,,,plr,,pendente_revisao,nao_identificado_pdf,,,2026-06-15,Extração de PDF falhou: pdf_sem_texto. Extração de PDF falhou: erro_pdftotext. Extração de PDF falhou: pdf_sem_texto. Extração de PDF falhou: pdf_sem_texto. Extração de PDF falhou: pdf_sem_texto,,baixa,buscar_fonte,buscar_fonte,buscar_fonte,,,,
PEND-RO-SINTEPES,RO,Sintepes,,,hora_extra,,pendente_revisao,nao_identificado_pdf,,,2026-06-15,Extração de PDF falhou: pdf_sem_texto. Extração de PDF falhou: erro_pdftotext. Extração de PDF falhou: pdf_sem_texto. Extração de PDF falhou: pdf_sem_texto. Extração de PDF falhou: pdf_sem_texto,,alta,buscar_fonte,buscar_fonte,buscar_fonte,,,,
PEND-RO-SINTEPES,RO,Sintepes,,,sobreaviso,,pendente_revisao,nao_identificado_pdf,,,2026-06-15,Extração de PDF falhou: pdf_sem_texto. Extração de PDF falhou: erro_pdftotext. Extração de PDF falhou: pdf_sem_texto. Extração de PDF falhou: pdf_sem_texto. Extração de PDF falhou: pdf_sem_texto,,baixa,buscar_fonte,buscar_fonte,buscar_fonte,,,,
PEND-RO-SINTEPES,RO,Sintepes,,,jornada,,pendente_revisao,nao_identificado_pdf,,,2026-06-15,Extração de PDF falhou: pdf_sem_texto. Extração de PDF falhou: erro_pdftotext. Extração de PDF falhou: pdf_sem_texto. Extração de PDF falhou: pdf_sem_texto. Extração de PDF falhou: pdf_sem_texto,,alta,buscar_fonte,buscar_fonte,buscar_fonte,,,,
PEND-RS-SINAPROSUL-SINAPTEP-HAUS,RS,Sinaprosul - Sinaptep_Haus,,,piso_salarial,44.97,conflito,pdf_cct,PDF da CCT,"CLÁUSULA TERCEIRA - PISOS SALARIAIS Ficam assegurados à categoria profissional os seguintes pisos salariais mensais: Grupo Profissionais Valor R$ Vigência a partir de A Em serviços de limpeza, copa, faxina, office boy e assemelhado 1.412,00 1º/05/2024 B Em funções administrativas: telefonista, recepcionista, auxiliar e 1.719,39 1º/01/2025 assistente administrativo, financeiro, de pessoal e assemelhado C Da área técnica do setor de publicidade: criação, planejamento, 1.960,82 1º/01/2025 mídia, atendimento, produção gráfica e eletrônica, web design, tráfego, arte final ou montagem, coordenação, …",2026-06-15,"Múltiplos valores identificados: 44.97, 51.29, 49.75, 39.58",,alta,revisar_conflito,marcar_conflito,marcar_conflito,44.97,,,
PEND-RS-SINAPROSUL-SINAPTEP-HAUS,RS,Sinaprosul - Sinaptep_Haus,,,adicional_noturno,,pendente_revisao,nao_identificado_pdf,,,2026-06-15,Cláusula de adicional noturno não localizada no PDF,,alta,buscar_fonte,buscar_fonte,buscar_fonte,,,,
PEND-RS-SINAPROSUL-SINAPTEP-HAUS,RS,Sinaprosul - Sinaptep_Haus,,,auxilio_alimentacao,27.73,conflito,pdf_cct,PDF da CCT,"CLÁUSULA DÉCIMA SEGUNDA - VALE-REFEIÇÃO/ALIMENTAÇÃO As empresas que não fornecem refeições no local de trabalho, de forma subsidiada, nos termos do Programa de Alimentação do Trabalhador (PAT) e demais normas aplicáveis, fornecerão aos seus empregados ticket, na forma de vale-refeição ou vale-alimentação, em número correspondente aos dias laborados no mês, no valor unitário de R$ 27,73 (vinte e sete reais e setenta e três centavos), no período de 1º/05/2024 a 31/12/2024, e de R$ 27,87 (vinte e sete reais e oitenta e sete centavos) no período de 1º/01/2025 a 30/04/2025), podendo a empresa desco…",2026-06-15,"Múltiplos valores identificados: 27.73, 27.87",,alta,revisar_conflito,marcar_conflito,marcar_conflito,27.73,,,
PEND-RS-SINAPROSUL-SINAPTEP-HAUS,RS,Sinaprosul - Sinaptep_Haus,,,plr,,pendente_revisao,nao_identificado_pdf,,,2026-06-15,Cláusula de PLR não localizada no PDF,,baixa,buscar_fonte,buscar_fonte,buscar_fonte,,,,
PEND-RS-SINAPROSUL-SINAPTEP-HAUS,RS,Sinaprosul - Sinaptep_Haus,,,hora_extra,,extraido_para_revisao,pdf_cct,PDF da CCT,"CLÁUSULA NONA - HORAS EXTRAS As 2 (duas) primeiras horas extraordinárias serão pagas com acréscimo de 50% (cinquenta por cento) e as demais com acréscimo de 75% (setenta e cinco por cento), incidentes sobre o salário contratual. O trabalho em domingos e feriados, assim como nos sábados, quando adotado o regime de compensação, será remunerado com o adicional de 100% (cem por cento). ADICIONAL DE TEMPO DE SERVIÇO",2026-06-15,"Percentuais diferentes para dias úteis, sábados, domingos e feriados",,média,validar,validar,validar,,,,
PEND-RS-SINAPROSUL-SINAPTEP-HAUS,RS,Sinaprosul - Sinaptep_Haus,,,sobreaviso,,pendente_revisao,nao_identificado_pdf,,,2026-06-15,Cláusula de sobreaviso não localizada no PDF,,baixa,buscar_fonte,buscar_fonte,buscar_fonte,,,,
PEND-RS-SINAPROSUL-SINAPTEP-HAUS,RS,Sinaprosul - Sinaptep_Haus,,,jornada,,pendente_revisao,nao_identificado_pdf,,,2026-06-15,Cláusula de jornada de trabalho não localizada no PDF,,alta,buscar_fonte,buscar_fonte,buscar_fonte,,,,
PEND-SC-SISDASPI,SC,sisdaspi,,,piso_salarial,,pendente_revisao,nao_identificado_pdf,,,2026-06-15,Extração de PDF falhou: pdf_sem_texto. Extração de PDF falhou: erro_pdftotext. Extração de PDF falhou: pdf_sem_texto. Extração de PDF falhou: pdf_sem_texto. Extração de PDF falhou: pdf_sem_texto,,alta,buscar_fonte,buscar_fonte,buscar_fonte,,,,
PEND-SC-SISDASPI,SC,sisdaspi,,,adicional_noturno,,pendente_revisao,nao_identificado_pdf,,,2026-06-15,Extração de PDF falhou: pdf_sem_texto. Extração de PDF falhou: erro_pdftotext. Extração de PDF falhou: pdf_sem_texto. Extração de PDF falhou: pdf_sem_texto. Extração de PDF falhou: pdf_sem_texto,,alta,buscar_fonte,buscar_fonte,buscar_fonte,,,,
PEND-SC-SISDASPI,SC,sisdaspi,,,auxilio_alimentacao,,pendente_revisao,nao_identificado_pdf,,,2026-06-15,Extração de PDF falhou: pdf_sem_texto. Extração de PDF falhou: erro_pdftotext. Extração de PDF falhou: pdf_sem_texto. Extração de PDF falhou: pdf_sem_texto. Extração de PDF falhou: pdf_sem_texto,,baixa,buscar_fonte,buscar_fonte,buscar_fonte,,,,
PEND-SC-SISDASPI,SC,sisdaspi,,,plr,,pendente_revisao,nao_identificado_pdf,,,2026-06-15,Extração de PDF falhou: pdf_sem_texto. Extração de PDF falhou: erro_pdftotext. Extração de PDF falhou: pdf_sem_texto. Extração de PDF falhou: pdf_sem_texto. Extração de PDF falhou: pdf_sem_texto,,baixa,buscar_fonte,buscar_fonte,buscar_fonte,,,,
PEND-SC-SISDASPI,SC,sisdaspi,,,hora_extra,,pendente_revisao,nao_identificado_pdf,,,2026-06-15,Extração de PDF falhou: pdf_sem_texto. Extração de PDF falhou: erro_pdftotext. Extração de PDF falhou: pdf_sem_texto. Extração de PDF falhou: pdf_sem_texto. Extração de PDF falhou: pdf_sem_texto,,alta,buscar_fonte,buscar_fonte,buscar_fonte,,,,
PEND-SC-SISDASPI,SC,sisdaspi,,,sobreaviso,,pendente_revisao,nao_identificado_pdf,,,2026-06-15,Extração de PDF falhou: pdf_sem_texto. Extração de PDF falhou: erro_pdftotext. Extração de PDF falhou: pdf_sem_texto. Extração de PDF falhou: pdf_sem_texto. Extração de PDF falhou: pdf_sem_texto,,baixa,buscar_fonte,buscar_fonte,buscar_fonte,,,,
PEND-SC-SISDASPI,SC,sisdaspi,,,jornada,,pendente_revisao,nao_identificado_pdf,,,2026-06-15,Extração de PDF falhou: pdf_sem_texto. Extração de PDF falhou: erro_pdftotext. Extração de PDF falhou: pdf_sem_texto. Extração de PDF falhou: pdf_sem_texto. Extração de PDF falhou: pdf_sem_texto,,alta,buscar_fonte,buscar_fonte,buscar_fonte,,,,
PEND-SP-SINAPRO-SPAPTEP-HAUS,SP,Sinapro - Spaptep_Haus,,,piso_salarial,2035.0,conflito,pdf_cct,PDF da CCT,"CLÁUSULA TERCEIRA - PISO SALARIAL Ficam estabelecidos os seguintes pisos salariais a partir de 01/04/2025: PARA AGÊNCIAS/EMPRESAS COM ATÉ 40 EMPREGADOS EM 31/03/2025 (a) São PauloCapital = R$ 2.035,00(dois mil e trinta e cinco reais) por mês; (b) São Paulo – Interior, Litoral e Grande São Paulo = R$ 1.590,00(mil quinhentos e noventa reais) por mês. PARA AGÊNCIAS/EMPRESAS COM MAIS DE 40 EMPREGADOS EM 31/03/2025 (a) São PauloCapital = R$ 2.180,00(dois mil cento e oitenta reais) por mês; (b) São Paulo – Interior, Litoral e Grande São Paulo = R$ 1.600,00(mil e seiscentos reais) por mês. O piso sal…",2026-06-15,"Múltiplos valores identificados: 2035.0, 1590.0, 2180.0, 1600.0",,alta,revisar_conflito,marcar_conflito,marcar_conflito,2035.0,,,
PEND-SP-SINAPRO-SPAPTEP-HAUS,SP,Sinapro - Spaptep_Haus,,,adicional_noturno,,pendente_revisao,nao_identificado_pdf,,,2026-06-15,Cláusula de adicional noturno não localizada no PDF,,alta,buscar_fonte,buscar_fonte,buscar_fonte,,,,
PEND-SP-SINAPRO-SPAPTEP-HAUS,SP,Sinapro - Spaptep_Haus,,,auxilio_alimentacao,43.0,conflito,pdf_cct,PDF da CCT,"CLÁUSULA DÉCIMA SEXTA - VALE REFEIÇÃO/ VALE ALIMENTAÇÃO A partir de 01/04/2025, fica estabelecido o fornecimento de Vale-Refeição/Alimentação, na mesma proporção dos dias úteis trabalhados, em cada mês, nos valores diários abaixo indicados e de acordo com os seguintes critérios: PARA AGÊNCIAS/EMPRESAS COM ATÉ 40 EMPREGADOS EM 31/03/2025 (a) – Capital=R$ 43,00 (quarenta e três reais) (b) – Interior, Litoral e Grande São Paulo=R$ 26,00 (vinte e seis reais) O fornecimento deste vale-refeição/ alimentação fica limitado para os empregados que ganham até R$ 14.610,00 (quatorze mil seiscentos e dez r…",2026-06-15,"Múltiplos valores identificados: 43.0, 26.0, 14610.0, 46.0, 28.0, 19000.0",,alta,revisar_conflito,marcar_conflito,marcar_conflito,43.0,,,
PEND-SP-SINAPRO-SPAPTEP-HAUS,SP,Sinapro - Spaptep_Haus,,,plr,,pendente_revisao,nao_identificado_pdf,,,2026-06-15,Cláusula de PLR não localizada no PDF,,baixa,buscar_fonte,buscar_fonte,buscar_fonte,,,,
PEND-SP-SINAPRO-SPAPTEP-HAUS,SP,Sinapro - Spaptep_Haus,,,hora_extra,,extraido_para_revisao,pdf_cct,PDF da CCT,"CLÁUSULA DÉCIMA QUARTA - HORAS EXTRAORDINÁRIAS As horas extraordinárias serão remuneradas, sempre em dinheiro, com adicional de 100% (cem por cento) calculado sobre o valor da hora normal. Em qualquer hipótese, para serem consideradas extraordinárias, devem ser previamente autorizadas pela empresa, por escrito. PARTICIPAÇÃO NOS LUCROS E/OU RESULTADOS",2026-06-15,,,média,validar,validar,validar,,,,
PEND-SP-SINAPRO-SPAPTEP-HAUS,SP,Sinapro - Spaptep_Haus,,,sobreaviso,,pendente_revisao,nao_identificado_pdf,,,2026-06-15,Cláusula de sobreaviso não localizada no PDF,,baixa,buscar_fonte,buscar_fonte,buscar_fonte,,,,
PEND-SP-SINAPRO-SPAPTEP-HAUS,SP,Sinapro - Spaptep_Haus,,,jornada,,pendente_revisao,nao_identificado_pdf,,,2026-06-15,Cláusula de jornada de trabalho não localizada no PDF,,alta,buscar_fonte,buscar_fonte,buscar_fonte,,,,
PEND-SP-SINDIESP,SP,Sindiesp,,,piso_salarial,,pendente_revisao,nao_identificado_pdf,,,2026-06-15,Extração de PDF falhou: pdf_sem_texto. Extração de PDF falhou: erro_pdftotext. Extração de PDF falhou: pdf_sem_texto. Extração de PDF falhou: pdf_sem_texto. Extração de PDF falhou: pdf_sem_texto,,alta,buscar_fonte,buscar_fonte,buscar_fonte,,,,
PEND-SP-SINDIESP,SP,Sindiesp,,,adicional_noturno,,pendente_revisao,nao_identificado_pdf,,,2026-06-15,Extração de PDF falhou: pdf_sem_texto. Extração de PDF falhou: erro_pdftotext. Extração de PDF falhou: pdf_sem_texto. Extração de PDF falhou: pdf_sem_texto. Extração de PDF falhou: pdf_sem_texto,,alta,buscar_fonte,buscar_fonte,buscar_fonte,,,,
PEND-SP-SINDIESP,SP,Sindiesp,,,auxilio_alimentacao,,pendente_revisao,nao_identificado_pdf,,,2026-06-15,Extração de PDF falhou: pdf_sem_texto. Extração de PDF falhou: erro_pdftotext. Extração de PDF falhou: pdf_sem_texto. Extração de PDF falhou: pdf_sem_texto. Extração de PDF falhou: pdf_sem_texto,,baixa,buscar_fonte,buscar_fonte,buscar_fonte,,,,
PEND-SP-SINDIESP,SP,Sindiesp,,,plr,,pendente_revisao,nao_identificado_pdf,,,2026-06-15,Extração de PDF falhou: pdf_sem_texto. Extração de PDF falhou: erro_pdftotext. Extração de PDF falhou: pdf_sem_texto. Extração de PDF falhou: pdf_sem_texto. Extração de PDF falhou: pdf_sem_texto,,baixa,buscar_fonte,buscar_fonte,buscar_fonte,,,,
PEND-SP-SINDIESP,SP,Sindiesp,,,hora_extra,,pendente_revisao,nao_identificado_pdf,,,2026-06-15,Extração de PDF falhou: pdf_sem_texto. Extração de PDF falhou: erro_pdftotext. Extração de PDF falhou: pdf_sem_texto. Extração de PDF falhou: pdf_sem_texto. Extração de PDF falhou: pdf_sem_texto,,alta,buscar_fonte,buscar_fonte,buscar_fonte,,,,
PEND-SP-SINDIESP,SP,Sindiesp,,,sobreaviso,,pendente_revisao,nao_identificado_pdf,,,2026-06-15,Extração de PDF falhou: pdf_sem_texto. Extração de PDF falhou: erro_pdftotext. Extração de PDF falhou: pdf_sem_texto. Extração de PDF falhou: pdf_sem_texto. Extração de PDF falhou: pdf_sem_texto,,baixa,buscar_fonte,buscar_fonte,buscar_fonte,,,,
PEND-SP-SINDIESP,SP,Sindiesp,,,jornada,,pendente_revisao,nao_identificado_pdf,,,2026-06-15,Extração de PDF falhou: pdf_sem_texto. Extração de PDF falhou: erro_pdftotext. Extração de PDF falhou: pdf_sem_texto. Extração de PDF falhou: pdf_sem_texto. Extração de PDF falhou: pdf_sem_texto,,alta,buscar_fonte,buscar_fonte,buscar_fonte,,,,
PEND-SP-SINTESP-T-CNICOS-ST-PETROBRAS,SP,Sintesp (técnicos ST Petrobras),,,piso_salarial,,pendente_revisao,nao_identificado_pdf,,,2026-06-15,Cláusula de piso salarial não localizada no PDF,,alta,buscar_fonte,buscar_fonte,buscar_fonte,,,,
PEND-SP-SINTESP-T-CNICOS-ST-PETROBRAS,SP,Sintesp (técnicos ST Petrobras),,,adicional_noturno,,pendente_revisao,nao_identificado_pdf,,,2026-06-15,Cláusula de adicional noturno não localizada no PDF,,alta,buscar_fonte,buscar_fonte,buscar_fonte,,,,
PEND-SP-SINTESP-T-CNICOS-ST-PETROBRAS,SP,Sintesp (técnicos ST Petrobras),,,auxilio_alimentacao,,pendente_revisao,nao_identificado_pdf,,,2026-06-15,Cláusula de auxílio alimentação não localizada no PDF,,baixa,buscar_fonte,buscar_fonte,buscar_fonte,,,,
PEND-SP-SINTESP-T-CNICOS-ST-PETROBRAS,SP,Sintesp (técnicos ST Petrobras),,,plr,,pendente_revisao,nao_identificado_pdf,,,2026-06-15,Cláusula de PLR não localizada no PDF,,baixa,buscar_fonte,buscar_fonte,buscar_fonte,,,,
PEND-SP-SINTESP-T-CNICOS-ST-PETROBRAS,SP,Sintesp (técnicos ST Petrobras),,,hora_extra,,pendente_revisao,nao_identificado_pdf,,,2026-06-15,Cláusula de hora extra não localizada no PDF,,alta,buscar_fonte,buscar_fonte,buscar_fonte,,,,
PEND-SP-SINTESP-T-CNICOS-ST-PETROBRAS,SP,Sintesp (técnicos ST Petrobras),,,sobreaviso,,pendente_revisao,nao_identificado_pdf,,,2026-06-15,Cláusula de sobreaviso não localizada no PDF,,baixa,buscar_fonte,buscar_fonte,buscar_fonte,,,,
PEND-SP-SINTESP-T-CNICOS-ST-PETROBRAS,SP,Sintesp (técnicos ST Petrobras),,,jornada,,pendente_revisao,nao_identificado_pdf,,,2026-06-15,Cláusula de jornada de trabalho não localizada no PDF,,alta,buscar_fonte,buscar_fonte,buscar_fonte,,,,
PEND-TO-SINTTEL,TO,Sinttel,,,piso_salarial,1129.78,extraido_para_revisao,pdf_cct,PDF da CCT,"CLÁUSULA TERCEIRA - PISO SALARIAL Fica convencionado que o piso salarial da categoria será de R$1.129,78 (hum mil, cento e vinte e nove reais e setenta e oito centavos). Parágrafo Único: As EMPRESAS, que porventura já tenham aplicado o reajuste por liberalidade antes ou no período estipulado na presente convenção coletiva de trabalho ficam isentas de qualquer pagamento retroativo. www3.mte.gov.br/sistemas/mediador/Resumo/ResumoVisualizar?NrSolicitacao=MR023975/2021 1/19 25/04/2022 18:40 Mediador - Extrato Convenção Coletiva",2026-06-15,,,média,validar,validar,validar,1129.78,,,
PEND-TO-SINTTEL,TO,Sinttel,,,adicional_noturno,,extraido_para_revisao,pdf_cct,PDF da CCT,"CLÁUSULA DÉCIMA TERCEIRA - ADICIONAL NOTURNO A remuneração do trabalho noturno, nos termos da legislação vigente, será acrescida do adicional de 20% (vinte por cento) sobre o valor da hora normal, que equivale a 00.52:30 (cinquenta e dois minutos e trinta segundos). ADICIONAL DE INSALUBRIDADE",2026-06-15,,,média,validar,validar,validar,,,,
PEND-TO-SINTTEL,TO,Sinttel,,,auxilio_alimentacao,,pendente_revisao,nao_identificado_pdf,,,2026-06-15,Cláusula de auxílio alimentação não localizada no PDF,,baixa,buscar_fonte,buscar_fonte,buscar_fonte,,,,
PEND-TO-SINTTEL,TO,Sinttel,,,plr,,extraido_para_revisao,pdf_cct,PDF da CCT,"CLÁUSULA DÉCIMA SEXTA - PARTICIPAÇÃO NOS LUCROS (PLR) PROGRAMA DE PARTICIPAÇÃO NOS RESULTADOS (PPR) As EMPRESAS deverão negociar e firmar o ACT do PPR/PLR do exercício 2021 em até 60 (sessenta) dias da assinatura do presente Termo Aditivo à Convenção Coletiva de trabalho, com o SINDICATO. AUXÍLIO ALIMENTAÇÃO",2026-06-15,Cláusula de PLR encontrada; valor/regra específica requer revisão,,média,validar,validar,validar,,,,
PEND-TO-SINTTEL,TO,Sinttel,,,hora_extra,,extraido_para_revisao,pdf_cct,PDF da CCT,"CLÁUSULA DÉCIMA SEGUNDA - HORAS EXTRAORDINÁRIAS As Empresas remunerarão as horas extraordinárias realizadas de segunda-feira a sábado com adicional de 50% (cinquenta por cento). Aos domingos e feriados, o adicional será de 100% (cem por cento). As Empresas manterão as condições mais vantajosas existentes e aplicáveis aos contratos vigentes. ADICIONAL NOTURNO www3.mte.gov.br/sistemas/mediador/Resumo/ResumoVisualizar?NrSolicitacao=MR023975/2021 4/19 25/04/2022 18:40 Mediador - Extrato Convenção Coletiva",2026-06-15,"Percentuais diferentes para dias úteis, sábados, domingos e feriados",,média,validar,validar,validar,,,,
PEND-TO-SINTTEL,TO,Sinttel,,,sobreaviso,,extraido_para_revisao,pdf_cct,PDF da CCT,"CLÁUSULA QUADRAGÉSIMA TERCEIRA - SOBREAVISO Para atender as necessidades dos seus serviços, as Empresas poderão adotar o regime de sobreaviso, remunerando os Trabalhadores envolvidos, à base de 1/3 (um terço) do salário hora, por hora, que ficarem sujeitos a esse regime. Parágrafo Único: O Trabalhador em regime de sobreaviso que vier a ser acionado passará a receber horas extras a partir deste momento e enquanto estiver trabalhando, conforme cláusula deste acordo que dispõe sobre o pagamento de horas extras. OUTRAS DISPOSIÇÕES SOBRE JORNADA",2026-06-15,,,média,validar,validar,validar,,,,
PEND-TO-SINTTEL,TO,Sinttel,,,jornada,36.0,extraido_para_revisao,pdf_cct,PDF da CCT,"CLÁUSULA QUADRAGÉSIMA QUINTA - JORNADA DE TRABALHO DE ATENDENTE COM AUDIOFONE PERMANENTE Fica assegurada ao atendente com audiofone permanente a jornada de trabalho de 36 (trinta e seis) horas semanais, devendo ser observadas às disposições contidas no anexo II da NR 17, inclusive quanto aos intervalos e as pausas.",2026-06-15,Horas diárias não calculadas: regime não identificável,"[""36h/semana""]",média,validar,validar,validar,36.0,,,
